partner id,customerID,asset id,device id,device type,platform,content type,premium content
31-0501626,7010-BRBUU,79-5210096,52.239.34.233/8,laptop,sony liv,Drama,NO
97-5291240,9688-YGXVR,69-7903385,8.203.94.59/1,tab,sony liv,Drama|War,NO
12-9582033,9286-DOJGF,52-8212093,166.42.28.141/1,tv,hotstar,Comedy,YES
81-0337938,6994-KERXL,48-3622447,153.177.169.192/11,mobile,hotstar,Documentary,YES
13-0884181,2181-UAESM,27-9405269,238.75.39.134/7,tab,sony liv,Adventure|Drama|Fantasy,NO
15-4303301,4312-GVYNH,55-4903740,106.133.201.155/2,mobile,hotstar,Drama,YES
41-5410186,2495-KZNFB,79-0489105,37.219.185.14/14,tv,sony liv,Drama,NO
53-1746053,4367-NHWMM,38-3813568,153.100.122.61/21,mobile,sony liv,Drama|War,NO
58-3778550,8898-KASCD,29-7542524,159.190.166.32/31,tab,sony liv,Drama,NO
03-9082752,8016-NCFVO,50-8327580,68.110.121.97/26,tv,hotstar,Crime|Drama|Mystery,YES
95-9407680,4578-PHJYZ,79-8648311,113.54.42.139/5,mobile,hotstar,Horror,YES
30-8962677,2091-MJTFX,26-9174541,99.138.204.114/19,laptop,hotstar,Sci-Fi,YES
39-0110535,2277-DJJDL,89-9995388,239.106.152.200/28,tv,sony liv,Action|Crime|Thriller,NO
97-6977814,2511-MORQY,08-8704513,228.189.142.113/12,mobile,hotstar,Comedy,YES
86-8769688,2731-GJRDG,11-0595202,229.124.86.249/16,tab,hotstar,Crime|Drama|Mystery,YES
73-8449280,1784-EZDKJ,50-6550393,217.157.124.67/18,laptop,sony liv,Horror,NO
04-9540615,2468-SJFLM,32-3923720,231.208.60.177/29,tv,sony liv,Adventure|Comedy|Thriller,NO
17-9928808,5115-SQAAU,40-9893547,140.221.167.207/21,tv,sony liv,Comedy|Drama|Fantasy|Sci-Fi,NO
10-7187144,8708-XPXHZ,66-4010867,5.3.11.52/13,mobile,hotstar,Drama,YES
12-5820737,0601-WZHJF,64-3956253,70.58.129.204/1,tv,hotstar,Action|Adventure|Drama|Romance|Western,YES
70-9390793,0463-TXOAK,83-9705770,162.88.222.49/14,mobile,sony liv,Drama,NO
64-1218547,4683-WYDOU,37-7949480,53.18.173.172/4,mobile,sony liv,Drama,NO
67-9823312,1166-PQLGG,09-0803930,166.45.65.149/8,mobile,sony liv,Comedy,NO
91-1480874,0963-ZBDRN,70-0248750,156.8.45.228/14,tv,sony liv,Action|Comedy|Drama,NO
26-5304580,4871-JTKJF,51-5950841,252.192.144.38/21,tv,hotstar,Drama|Romance,YES
43-8429379,7173-TETGO,80-1734583,84.118.120.108/29,tab,sony liv,Comedy,NO
03-8516698,4193-ORFCL,99-4662443,186.210.78.28/9,tv,sony liv,Drama,NO
11-2435989,2692-PFYTJ,38-3792747,3.181.8.66/8,tv,hotstar,Action|Drama|Thriller,YES
52-9773936,2369-UAPKZ,39-8797856,4.108.63.219/20,tv,sony liv,Drama,NO
70-3907289,5193-QLVZB,01-7395200,29.19.57.90/25,mobile,hotstar,Horror|War,YES
91-3101890,0379-DJQHR,08-2170998,242.125.145.124/17,tv,sony liv,Action|Comedy,NO
15-5779116,4657-FWVFY,22-7921388,78.161.150.131/16,tv,sony liv,Action|Adventure|Western,NO
71-8876760,0623-EJQEG,88-4893439,245.137.99.249/17,tv,sony liv,Comedy,NO
42-6751414,1699-TLDLZ,50-1479541,11.146.235.115/7,mobile,hotstar,Drama|Romance,YES
42-4304716,4501-UYKBC,30-3697972,204.115.250.112/26,tv,hotstar,Adventure|Comedy|Drama,YES
17-4755950,8158-WPEZG,73-1603929,6.123.38.252/15,mobile,hotstar,Action|Comedy,YES
81-0637168,9732-EQMWY,55-2601217,168.192.149.236/14,tv,sony liv,Comedy|Romance,NO
84-2045607,1099-BTKWT,15-8214852,251.102.56.83/18,mobile,sony liv,Action|Crime,NO
37-1880143,4815-TUMEQ,39-1180795,135.48.22.199/12,tv,sony liv,Comedy|Horror,NO
06-8084221,6407-UTSLV,68-9555650,9.3.23.99/25,mobile,sony liv,Comedy|Drama,NO
62-2436170,0018-NYROU,34-6491029,41.191.180.27/11,tab,hotstar,Adventure|Comedy|Musical|Romance|Western,YES
76-8357161,4632-XJMEX,71-0628943,225.188.249.166/11,tv,sony liv,Action|Sci-Fi,NO
89-6782462,1409-PHXTF,63-7581910,2.247.118.60/9,tab,sony liv,Comedy|Drama,NO
26-7648778,8229-TNIQA,21-1667905,245.12.43.97/3,tv,hotstar,Drama,YES
19-1707999,0529-ONKER,91-4778816,45.51.165.81/10,mobile,sony liv,Comedy|Romance,NO
63-1801633,3675-YDUPJ,00-9823729,173.177.75.92/1,tv,hotstar,Comedy|Drama,YES
84-2281715,4484-CGXFK,08-7418435,142.202.246.158/24,mobile,hotstar,Drama|Thriller,YES
14-3504616,4443-EMBNA,82-7542774,4.101.102.7/13,tv,sony liv,Crime|Drama,NO
97-6490427,4280-DLSHD,39-8053246,67.204.214.197/9,mobile,hotstar,Drama|Romance,YES
77-8133775,9300-AGZNL,53-1548702,175.188.249.51/31,laptop,hotstar,Comedy|Musical,YES
27-6899785,2789-CZANW,28-5362735,123.163.158.229/7,tv,sony liv,Documentary,NO
75-3597206,8464-EETCQ,56-7480504,236.194.152.222/26,tab,hotstar,Action|Adventure|Drama|War,YES
15-3788119,7216-EWTRS,20-7059122,103.73.184.16/3,tv,sony liv,Drama|Romance,NO
10-6240462,4468-KAZHE,49-8046837,24.97.127.58/23,tv,sony liv,Drama,NO
30-7554999,8623-ULFNQ,78-7832240,51.84.145.37/17,tv,sony liv,Animation|Children,NO
62-6524051,9317-WZPGV,90-5973323,119.142.170.6/20,tab,sony liv,Drama,NO
76-3730235,8947-YRTDV,90-8506898,147.23.213.248/5,tv,hotstar,Romance|Thriller,YES
98-9475255,1814-DKOLC,02-7197763,132.31.50.75/23,mobile,hotstar,Horror|Thriller,YES
47-4456892,8071-SBTRN,76-2731250,30.130.246.218/19,tv,hotstar,Drama,YES
79-7473443,4701-MLJPN,73-1781914,84.160.109.0/25,tv,hotstar,Action|Mystery|Thriller,YES
28-9974803,1205-WNWPJ,05-6323042,219.146.147.216/10,tv,hotstar,Drama,YES
55-1033042,6158-HDPXZ,35-2844922,62.13.7.196/21,tv,sony liv,Western,NO
95-6513487,6683-VLCTZ,68-1960666,17.34.103.179/11,tab,sony liv,Adventure|Comedy|Western,NO
96-7552013,3727-OWVYD,42-2617853,107.45.254.152/4,tv,hotstar,Drama,YES
84-0123835,0856-NAOES,99-3559248,33.51.80.230/12,mobile,sony liv,Documentary,NO
89-0303869,0562-FGDCR,13-3634242,11.244.243.117/7,tv,sony liv,Thriller,NO
87-1466489,0956-SYCWG,19-4561677,171.78.27.179/9,mobile,sony liv,Comedy,NO
84-4907101,2277-VWCNI,40-3071041,141.33.203.254/8,mobile,sony liv,Action|Crime|Drama|Mystery|Sci-Fi|Thriller|IMAX,NO
08-4064640,3498-LZGQZ,40-4894316,235.46.192.252/12,tv,hotstar,Comedy|Romance,YES
47-9154992,9135-MGVPY,58-1622010,25.70.60.192/5,tv,hotstar,Action|Drama|Sci-Fi,YES
12-8892523,3815-SLMEF,53-2132845,164.47.66.69/20,tv,hotstar,Documentary,YES
38-6972474,4513-CXYIX,28-7720800,90.3.150.207/20,tv,sony liv,Crime|Drama|Thriller,NO
52-8763210,8944-AILEF,73-0344351,7.219.177.12/19,tv,sony liv,Drama|Romance,NO
90-4566392,1270-XKUCC,34-2836516,214.57.38.63/21,tv,hotstar,Comedy,YES
96-7809665,6633-SYEUS,66-3164039,41.102.153.73/1,mobile,hotstar,Comedy,YES
04-9704224,8075-GXIUB,71-1384174,214.14.172.180/13,tab,sony liv,Comedy|Documentary,NO
34-9927636,6016-NXBNJ,49-9879583,219.109.59.62/3,tv,sony liv,Children|Fantasy|Musical,NO
98-4854471,9332-GYWLO,55-9779371,32.35.215.233/28,mobile,hotstar,Horror|Mystery,YES
67-1973481,3276-HDUEG,48-4335666,34.125.54.73/26,tab,hotstar,Comedy|Drama,YES
78-6196498,5884-FBCTL,33-6498882,162.128.41.119/10,tv,sony liv,Drama,NO
47-6422892,8999-YPYBV,12-7379992,163.49.250.135/15,tv,sony liv,Action|Drama|Thriller,NO
84-2478897,1522-VVDMG,61-4349877,39.209.147.198/11,laptop,hotstar,Drama|Musical|Romance,YES
35-7181278,0848-SOMKO,64-6582968,151.137.1.62/9,tv,hotstar,Comedy|Romance,YES
63-3442095,1657-DYMBM,33-7245482,218.122.212.91/30,tv,hotstar,Comedy|Drama,YES
47-3241376,6923-EFPNL,05-8116048,204.25.77.240/2,tv,hotstar,Action|Drama|War,YES
74-6554130,2167-FQSTQ,37-0848351,96.9.185.194/14,tab,sony liv,Drama|Romance,NO
70-0612130,9286-BHDQG,29-0994497,31.171.90.82/31,mobile,hotstar,Action|Thriller,YES
25-4499802,7225-CBZPL,20-5204724,209.89.233.149/23,tv,sony liv,Crime|Drama|Romance|Thriller,NO
01-9005773,5605-IYGFG,72-5402031,74.40.254.25/12,tv,sony liv,Comedy|Drama|Romance,NO
18-7848396,6861-OKBCE,90-9417127,135.233.222.157/12,mobile,hotstar,Drama,YES
99-9599519,7571-YXDAD,36-2237437,43.97.56.115/29,tab,hotstar,Comedy|Drama,YES
88-7173340,0254-FNMCI,78-5755391,2.152.186.180/19,tv,sony liv,Drama,NO
42-1654885,8981-FJGLA,51-0547227,195.185.183.195/26,tv,sony liv,Comedy,NO
44-3179712,8414-MYSHR,71-3270046,111.51.3.65/13,tv,sony liv,Children|Comedy|Musical,NO
03-2496842,9274-CNFMO,71-0640754,49.89.141.110/3,tv,hotstar,Thriller,YES
87-2949919,3794-NFNCH,43-5677397,175.128.204.125/7,tab,hotstar,Comedy,YES
64-5379161,5158-RIVOP,27-6338824,225.181.235.242/24,tv,sony liv,Romance,NO
94-7574246,1100-DDVRV,94-2586627,37.185.50.95/26,tv,hotstar,Drama|Romance,YES
68-6119208,9522-BNTHX,57-6651457,119.115.48.22/14,tv,hotstar,Documentary,YES
75-2970597,3677-IYRBF,26-8093777,38.220.140.57/2,tv,sony liv,Comedy,NO
77-7815205,7009-PCARS,01-0955460,111.13.193.84/20,mobile,sony liv,Action,NO
73-9202121,8250-ZNGGW,41-2575010,250.181.136.224/31,mobile,hotstar,Documentary|War,YES
36-3732604,0967-BMLBD,97-5672765,73.83.238.219/5,tv,sony liv,Comedy,NO
15-1829437,7594-RQHXR,37-1897338,72.187.81.211/8,mobile,sony liv,Musical|Romance,NO
69-0873500,8966-SNIZF,03-0994161,65.189.115.125/30,tab,sony liv,Comedy,NO
08-9814022,7235-NXZCP,77-0409114,96.109.89.46/12,mobile,sony liv,Drama|Mystery|Thriller,NO
62-6801992,0122-OAHPZ,86-0800191,13.23.166.152/28,laptop,sony liv,Drama|Romance,NO
89-2588140,7815-PDTHL,17-3428248,154.11.205.225/25,tab,hotstar,Drama|Romance,YES
51-2468377,8331-ZXFOE,32-7787644,75.69.192.35/12,tab,sony liv,Drama|Horror|Thriller,NO
90-4988793,8901-UPRHR,45-1045340,92.233.47.2/15,tv,hotstar,Comedy|Romance,YES
55-8659150,3563-SVYLG,41-8768191,116.69.244.2/1,tv,hotstar,Documentary,YES
94-9053582,3205-MXZRA,82-0039777,54.55.36.37/6,tv,hotstar,Comedy|Romance,YES
93-2101944,5392-AKEMH,96-7603348,50.164.53.204/24,mobile,hotstar,Action|Sci-Fi,YES
80-9878856,8201-AAXCB,37-1598184,106.195.101.221/24,tab,sony liv,Comedy,NO
58-2804934,6919-ELBGL,29-2753368,42.48.66.212/30,tv,hotstar,Drama,YES
32-6757636,0530-IJVDB,58-7071643,115.126.118.133/5,tv,hotstar,Horror,YES
25-9919536,5047-LHVLY,49-2774881,138.50.222.242/16,mobile,hotstar,Drama|Romance,YES
35-9617311,8404-FYDIB,59-5508273,221.68.250.95/27,mobile,sony liv,(no genres listed),NO
99-2004260,3415-TAILE,40-4604940,116.210.111.35/7,tv,sony liv,Drama,NO
70-5175781,2819-GWENI,79-4727786,121.221.77.100/14,tab,sony liv,Children|Drama,NO
45-5627166,6164-HXUGH,86-3024648,175.145.241.255/17,tv,hotstar,Action|Comedy,YES
35-4231213,6762-QVYJO,91-3715042,189.215.3.145/23,mobile,sony liv,Action|Adventure|Drama|Romance|War,NO
71-5103509,5046-NUHWD,57-4932718,45.7.143.250/28,tab,sony liv,Action|Adventure|Drama,NO
26-5519766,0106-GHRQR,14-6030583,129.180.7.6/2,laptop,hotstar,Horror|Mystery,YES
66-1529762,8374-XGEJJ,75-0333795,181.27.218.121/4,mobile,hotstar,Action|Adventure|Animation|Fantasy,YES
11-4265364,2546-KZAAT,77-8893770,12.59.56.71/16,tv,hotstar,Documentary,YES
88-8793978,7569-NMZYQ,84-5243456,32.200.86.171/4,tv,sony liv,Comedy,NO
97-5419490,3279-DYZQM,63-5143551,216.245.11.105/25,tv,sony liv,Documentary,NO
03-3884266,0374-FIUCA,43-2373687,227.90.120.36/25,tv,sony liv,Drama,NO
31-6349544,3714-NTNFO,47-4335907,62.15.130.120/13,mobile,hotstar,Documentary,YES
01-5084740,8705-DWKTI,59-1712327,36.239.44.40/24,tv,sony liv,Drama|Musical,NO
22-6752497,4195-SMMNX,24-0056650,229.61.255.169/4,mobile,sony liv,Action|Comedy|Musical,NO
53-6166027,2599-CIPQE,42-5658550,197.80.81.215/10,laptop,sony liv,Drama|Romance,NO
36-7499787,5136-GFPMB,72-7061266,173.167.94.234/30,laptop,sony liv,Crime|Drama|Thriller,NO
34-7686465,6476-YHMGA,40-0298386,75.86.141.151/22,mobile,hotstar,Drama,YES
05-3863206,3055-MJDSB,05-7305234,59.74.177.56/19,mobile,hotstar,Action|Adventure|Drama,YES
96-7581683,7516-GMHUV,03-4170678,12.98.55.214/16,tv,sony liv,(no genres listed),NO
04-8190324,5940-NFXKV,02-8530863,186.180.6.40/20,mobile,sony liv,Drama|Romance,NO
07-9719844,3597-YASZG,52-0700964,47.79.19.222/11,tv,sony liv,Action|Adventure|Sci-Fi|Western,NO
13-8650001,3786-WOVKF,68-6450464,80.144.18.23/12,mobile,hotstar,Drama,YES
32-7943416,2806-MLNTI,76-4585032,252.83.91.42/6,tv,hotstar,Drama,YES
74-5095150,0799-DDIHE,85-3009806,159.24.252.188/19,mobile,sony liv,Drama,NO
01-3988072,9926-PJHDQ,26-8567997,61.239.132.139/14,mobile,hotstar,Comedy|Drama,YES
98-3393989,0334-GDDSO,50-9396420,217.43.205.1/12,tab,hotstar,Documentary|Musical,YES
51-8392145,2371-KFUOG,84-2560196,191.166.255.190/7,mobile,sony liv,Drama,NO
03-0447471,4634-JLRJT,58-5430640,247.87.238.148/23,mobile,sony liv,Horror,NO
92-9063717,5886-VLQVU,27-1296503,74.190.22.186/12,mobile,sony liv,Comedy,NO
56-9788063,3194-ORPIK,19-9659623,205.19.194.244/14,tab,hotstar,Drama|Romance,YES
21-8079915,6048-NJXHX,34-8458900,121.248.165.252/11,tab,hotstar,Drama|Romance,YES
46-9049610,7860-KSUGX,73-2976265,228.132.1.222/9,tv,hotstar,Drama|Horror|Mystery|Thriller,YES
43-0905686,2925-MXLSX,04-5464294,179.217.144.38/20,mobile,sony liv,Comedy,NO
12-1223950,2933-FILNV,92-3844390,251.229.226.153/28,tv,sony liv,Drama,NO
55-6343952,7758-XKCBS,90-2318582,144.105.108.239/30,mobile,sony liv,Sci-Fi,NO
94-7842173,2027-DNKIV,24-1899174,200.89.36.7/5,mobile,hotstar,Comedy|Romance,YES
93-7219352,4751-ERMAN,23-2060331,206.172.213.39/25,laptop,sony liv,Crime|Mystery|Thriller,NO
65-3967450,8224-KDLKN,86-8342797,114.193.174.136/16,tv,hotstar,Drama,YES
42-4037733,7929-SKFGK,85-7404648,211.175.75.41/3,mobile,sony liv,Action|Sci-Fi,NO
56-8495658,8329-IBCTI,20-8179502,220.57.68.34/11,tv,hotstar,Horror|Romance,YES
37-7847543,5016-IBERQ,40-1025203,236.113.161.160/30,tv,hotstar,Drama,YES
48-4496198,5405-ZMYXQ,30-5987640,39.14.67.63/1,tab,hotstar,Comedy|Musical,YES
46-7286638,7841-TZDMQ,65-1259228,221.61.112.123/4,mobile,sony liv,Documentary,NO
24-6407608,9754-CLVZW,07-0817670,69.230.116.47/4,mobile,hotstar,Crime,YES
60-7665893,9503-XJUME,40-4750334,187.133.213.84/14,laptop,sony liv,Drama|Romance|War,NO
79-8664113,3298-QEICA,35-6392290,5.204.220.120/26,tv,hotstar,Horror|Thriller,YES
89-0533192,9420-LOJKX,49-5426816,241.95.25.214/1,mobile,sony liv,Action|Sci-Fi|Thriller,NO
67-4264860,3391-JSQEW,22-8678350,38.89.226.20/4,mobile,hotstar,Action|Thriller,YES
33-4334313,4939-KYYPY,54-0132478,17.31.99.186/8,tv,hotstar,Drama,YES
82-6298215,2061-VVFST,13-0821362,141.116.142.245/14,tv,sony liv,Documentary|Drama|War,NO
67-7751842,6480-YAGIY,38-5841719,121.30.53.83/20,tv,hotstar,Comedy|Crime|Horror,YES
46-9880387,0330-IVZHA,34-1718793,20.231.149.38/8,mobile,hotstar,Horror|Sci-Fi,YES
01-4852234,7161-DFHUF,34-2827697,156.176.62.80/10,tv,sony liv,Western,NO
34-1243109,1260-TTRXI,58-4915328,60.105.29.73/9,tv,sony liv,Drama,NO
04-5227829,8577-QSOCG,46-7364796,32.34.130.67/4,mobile,hotstar,Drama,YES
31-8554757,8963-JLGJT,83-7600437,23.156.173.129/7,mobile,hotstar,Drama,YES
09-3643689,3266-FTKHB,62-9604328,154.134.29.119/17,tv,hotstar,Crime|Drama|Horror|Thriller,YES
16-0257498,6122-LJADA,76-1768524,49.132.141.138/17,mobile,hotstar,Western,YES
36-4700263,8710-YGLWG,76-4826782,127.205.141.10/9,tab,hotstar,Drama,YES
37-6107224,6463-HHXJR,49-2655842,180.75.92.63/2,tv,hotstar,Drama|Romance|Thriller,YES
33-6470732,9576-SYUHJ,36-6562061,29.182.2.217/14,tv,hotstar,Comedy,YES
04-4415581,9289-LBQVU,37-6003203,108.119.72.13/26,tv,sony liv,Action|Fantasy|Horror,NO
08-8586657,2207-QPJED,27-7366725,246.112.98.183/5,mobile,sony liv,Documentary,NO
24-3549077,6990-YNRIO,15-4097502,152.213.64.225/28,tv,hotstar,Adventure|Children|Fantasy|Musical,YES
64-8108319,0489-WMEMG,44-7043165,96.152.35.204/8,mobile,sony liv,Drama|Horror,NO
55-6578677,2189-UXTKY,24-3192912,252.52.245.139/11,tv,sony liv,Comedy|Drama,NO
28-6405828,7105-MXJLL,88-4175186,110.76.171.91/11,tv,sony liv,Crime|Drama|Thriller,NO
86-0309576,7133-VBDCG,74-9414156,43.51.43.243/14,mobile,sony liv,Comedy,NO
93-4504004,9933-QRGTX,07-9321314,223.7.107.56/24,tv,sony liv,Comedy|Musical,NO
38-0823299,6356-ELRKD,90-9819750,209.141.22.202/3,laptop,hotstar,Action|Adventure|Crime|Drama|Mystery|Thriller,YES
99-9596151,2194-IIQOF,93-0968712,181.66.54.25/24,mobile,hotstar,Documentary,YES
56-3437994,8063-GBATB,47-0248133,223.125.208.63/21,tv,sony liv,Comedy,NO
55-6781181,9611-CTWIH,97-0372287,107.215.78.121/28,tv,hotstar,Drama|Romance|Thriller,YES
40-4016062,3571-DPYUH,91-0804293,147.34.160.77/4,tab,hotstar,Drama|War,YES
45-5436278,8519-QJGJD,12-2104187,203.88.212.176/25,tv,hotstar,Mystery,YES
74-1015976,5846-NEQVZ,88-3217058,51.102.151.142/3,tv,sony liv,Horror|Thriller,NO
50-3136108,6022-KOUQO,88-3502376,186.166.138.242/3,tv,sony liv,Horror|Thriller,NO
18-4075520,7205-BAIAD,80-4569996,180.174.55.139/19,tv,hotstar,Action|Crime,YES
70-5565550,9574-BOSMD,52-3363830,188.77.110.154/11,tab,hotstar,Children|Mystery,YES
71-2152586,4884-TVUQF,03-2665702,197.41.230.252/7,tv,sony liv,Action|Adventure|Comedy|Sci-Fi,NO
06-3298746,6439-GTPCA,54-2188795,8.68.40.41/8,mobile,sony liv,Drama,NO
06-4593305,3795-CAWEX,15-6985738,162.67.60.118/24,tab,sony liv,Comedy|Horror|Thriller,NO
71-0007762,7821-DPRQE,14-2451056,226.47.54.160/16,tv,sony liv,Comedy|Fantasy,NO
06-9821511,4983-CLMLV,82-6370789,212.88.36.252/8,mobile,sony liv,Documentary,NO
39-5862261,2380-DAMQP,27-3582587,242.84.70.108/25,mobile,hotstar,Action|Adventure,YES
08-2652935,7534-BFESC,43-2359372,172.133.237.114/10,mobile,hotstar,Comedy,YES
98-5308854,6695-FRVEC,66-4285689,61.52.153.76/17,tv,sony liv,Adventure|Sci-Fi|Thriller,NO
61-8079628,0361-HJRDX,31-2404978,225.101.117.180/12,mobile,hotstar,Drama,YES
51-6517266,0354-VXMJC,57-5626738,58.113.39.120/2,tv,hotstar,Comedy|Romance,YES
51-1034893,6559-ILWKJ,32-8918470,250.95.247.210/13,mobile,sony liv,Romance,NO
79-0760112,9895-VFOXH,57-1426706,6.22.248.43/26,mobile,sony liv,Documentary,NO
64-3796450,8229-BUJHX,84-0008742,194.81.250.240/20,mobile,sony liv,Drama|Thriller,NO
92-5560171,4476-OSWTN,42-7608775,147.136.18.76/23,mobile,sony liv,Comedy|Drama,NO
31-5601602,2995-UPRYS,67-2080295,147.41.34.24/19,tv,sony liv,Crime|Drama|Thriller,NO
20-6486688,9208-OLGAQ,28-0835784,242.107.3.112/21,tv,hotstar,Crime|Drama,YES
39-5348991,4124-MMETB,82-4323861,130.171.119.179/1,tv,sony liv,Drama|Thriller,NO
58-2888890,8882-TLVRW,33-0560908,194.105.130.2/24,mobile,sony liv,Comedy,NO
20-2862654,2957-JIRMN,37-3119217,39.184.208.141/5,mobile,sony liv,Adventure|Sci-Fi,NO
68-6069662,3646-ITDGM,94-5161343,72.173.61.102/3,tv,sony liv,Drama|Mystery|Romance|Thriller,NO
76-1858853,2673-ZALNP,58-2222198,149.37.8.38/10,mobile,sony liv,Action|Crime|Drama|Thriller,NO
50-8637104,9975-SKRNR,94-9326556,5.225.95.77/25,tv,sony liv,Comedy,NO
33-8540132,3724-UCSHY,95-1385313,47.227.12.247/21,tv,hotstar,Crime|Drama|Film-Noir,YES
56-7236952,0259-GBZSH,42-0029327,24.196.57.58/27,mobile,hotstar,Comedy|Mystery,YES
55-2139712,7130-CTCUS,25-1393046,168.226.174.160/12,tv,sony liv,Comedy|Drama|Romance,NO
97-7987514,8150-QUDFX,78-3061633,106.204.90.217/22,mobile,sony liv,Comedy|Romance,NO
01-0393495,8218-FFJDS,12-3746100,91.100.21.173/8,tab,sony liv,Comedy,NO
85-4585125,8259-NFJTV,83-5636899,42.15.237.154/18,tv,hotstar,Documentary,YES
42-6053861,7909-FIOIY,43-4388194,89.51.52.135/24,tv,sony liv,Drama,NO
63-2029837,3317-VLGQT,04-7103253,98.190.78.34/20,mobile,sony liv,Comedy,NO
79-8518300,2722-VOJQL,14-4017552,201.106.24.39/26,tv,sony liv,Drama|Horror|Mystery,NO
39-2024938,0584-BJQGZ,74-4250064,105.216.172.100/12,tab,sony liv,Action|Adventure|Animation|Children|Comedy,NO
89-6452052,6732-VAILE,23-1411272,2.198.177.67/7,tv,sony liv,Documentary,NO
64-4198996,1302-TPUBN,98-4441429,231.141.180.19/12,mobile,sony liv,Action|Adventure|Comedy|Romance,NO
00-2474257,8380-PEFPE,84-3164587,48.164.73.51/16,tv,sony liv,Mystery|Thriller,NO
17-2636772,7402-PWYJJ,07-6198165,34.84.49.97/10,tab,sony liv,Comedy,NO
05-8229346,4250-FDVOU,13-1916395,56.233.148.67/5,tab,sony liv,Documentary|IMAX,NO
00-8842947,9128-CPXKI,64-1931416,122.247.47.43/13,tab,hotstar,Comedy|Crime|Western,YES
13-6673067,4183-WCSEP,58-0270530,91.212.238.125/23,mobile,hotstar,Animation|Children|Fantasy|Musical|Romance,YES
49-1763305,0404-SWRVG,84-8719335,56.29.120.2/27,tv,sony liv,Comedy,NO
09-4575201,6227-HWPWX,15-0981803,172.140.204.62/15,mobile,hotstar,Action|Comedy|Romance,YES
26-0123731,1899-VXWXM,20-6873644,76.3.134.151/25,tv,hotstar,Drama,YES
31-9163169,8450-JOVAH,67-7245194,47.69.182.243/23,mobile,sony liv,Action|Comedy|Crime|Romance,NO
04-0428319,4550-VBOFE,43-1195373,204.224.146.113/6,mobile,hotstar,Drama,YES
83-7710757,9546-CQJSU,61-9191250,6.134.20.130/29,tv,hotstar,Horror|Mystery|Sci-Fi|Thriller,YES
75-4651617,4789-KWMXN,86-0202093,50.16.170.223/1,tv,hotstar,Drama|Romance,YES
12-0894556,0835-DUUIQ,30-3649342,183.249.146.214/23,tv,hotstar,Drama|War,YES
04-0869377,1855-AGAWH,48-5194868,128.28.9.139/28,tv,sony liv,Action|Comedy|Crime|Romance,NO
94-0011837,9079-YEXQJ,58-1985567,248.73.99.238/9,tab,hotstar,Drama|Romance,YES
89-5337126,3577-AMVUX,19-6405350,156.233.251.40/28,tv,hotstar,Drama|Fantasy,YES
50-9982200,2316-ESMLS,59-5128123,237.37.195.222/12,mobile,sony liv,Adventure|Drama|Thriller,NO
66-7204755,9426-SXNHE,82-9819413,200.192.68.99/15,tv,sony liv,Documentary,NO
33-3792654,8550-XSXUQ,74-3779111,136.250.185.217/2,tv,sony liv,Drama|Mystery|Romance,NO
33-6943445,0723-DRCLG,16-4184915,68.242.253.33/7,tv,hotstar,Action,YES
90-5396445,2176-OSJUV,38-8796793,32.215.98.166/19,mobile,hotstar,Comedy|Romance,YES
44-1680190,0107-WESLM,14-3802286,6.128.120.218/6,mobile,hotstar,Comedy|Drama,YES
91-9783599,8626-XHBIE,64-4556998,13.247.68.248/13,tab,hotstar,Documentary|Musical,YES
28-0461896,0188-GWFLE,10-0924252,77.0.186.85/25,tv,hotstar,Action|Adventure|Comedy|Crime|Drama|Film-Noir|Horror|Mystery|Thriller|Western,YES
40-9605431,8166-ZZTFS,08-9736301,83.91.134.9/22,tab,sony liv,Crime|Drama,NO
10-8619974,5774-QPLTF,25-4714950,89.182.150.41/22,tv,sony liv,Drama,NO
58-0648685,0929-PECLO,19-0918944,153.123.35.168/27,tab,sony liv,Action,NO
77-2189271,5696-QURRL,71-9149955,236.117.134.164/13,tv,sony liv,Horror|Mystery|Thriller,NO
20-8602064,8124-NZVGJ,43-5949165,206.112.150.30/24,mobile,sony liv,Documentary|Drama|War,NO
94-5241920,4130-MZLCC,98-8026318,169.194.129.32/17,tab,sony liv,Comedy,NO
40-2446140,4489-SNOJF,76-7258757,236.148.181.105/13,mobile,hotstar,(no genres listed),YES
85-6546771,8984-HPEMB,91-3031077,171.162.66.70/16,mobile,hotstar,Drama,YES
39-4812749,4615-PIVVU,43-3835671,210.210.253.212/14,tv,sony liv,Documentary,NO
92-2208495,6848-HJTXY,91-5683905,185.74.199.117/28,laptop,sony liv,Action|Sci-Fi,NO
47-8163773,8757-TFHHJ,47-5766262,87.191.64.199/4,tv,sony liv,Comedy,NO
13-9913858,4603-JANFB,11-8990088,229.129.128.161/25,tv,hotstar,Thriller,YES
68-5014899,8565-HBFNN,09-1912888,143.237.181.106/24,mobile,sony liv,Crime|Thriller,NO
55-8967732,7422-WNBTY,85-5649118,199.191.140.200/23,tv,sony liv,Drama|Romance,NO
26-4588862,4712-UYOOI,92-6909887,215.190.168.75/14,tv,hotstar,Comedy|Musical|Western,YES
93-8778180,3372-CDXFJ,84-3825035,18.179.198.238/19,tv,sony liv,Crime|Mystery|Thriller,NO
41-0596080,5353-WILCI,94-3918978,184.78.176.37/4,tab,sony liv,Adventure|Children|Drama,NO
90-1314503,0988-AADSA,19-4345640,12.77.181.80/25,tv,sony liv,(no genres listed),NO
77-5452045,8270-RKSAP,59-9032276,243.32.221.195/21,tv,sony liv,Comedy|Horror|Sci-Fi,NO
60-5379998,5954-BDFSG,22-9436935,65.148.182.56/9,tv,sony liv,Action|Drama,NO
21-0348843,5792-JALQC,99-1808091,212.94.220.224/8,tab,hotstar,Fantasy|Sci-Fi,YES
22-8972164,2202-OUTMO,51-4158201,85.127.169.62/11,tab,hotstar,Comedy|Musical|Romance,YES
57-2335265,9028-LIHRP,14-5503146,196.208.144.151/13,tv,hotstar,Drama,YES
12-7345674,9150-KPBJQ,05-0130212,47.22.1.172/16,mobile,hotstar,Drama,YES
15-3159818,4003-OCTMP,43-2895605,251.26.20.210/5,mobile,hotstar,Drama|Musical|Romance,YES
87-9669533,8775-LHDJH,74-9807117,189.67.9.150/14,tv,sony liv,Comedy,NO
36-2109596,6770-UAYGJ,20-1211751,35.251.236.44/5,mobile,sony liv,Drama,NO
25-3306561,7596-IIWYC,12-4652295,193.39.144.38/19,laptop,hotstar,Comedy|Horror|Sci-Fi,YES
71-1061791,0887-WBJVH,72-2424343,153.127.60.7/7,mobile,hotstar,Documentary|Drama,YES
04-5575024,8840-DQLGN,43-3920295,68.213.73.29/18,mobile,hotstar,Drama|Western,YES
65-4786322,8413-VONUO,45-4194069,252.127.240.51/19,tv,sony liv,Drama|Romance,NO
75-4355381,9281-PKKZE,50-9114065,145.240.153.92/10,tv,hotstar,Comedy,YES
63-9020694,5186-PEIZU,26-2803734,147.102.100.111/3,tv,sony liv,Comedy|Drama,NO
76-9693111,6339-YPSAH,58-8954919,55.24.230.223/25,tv,sony liv,Comedy|Sci-Fi|Thriller,NO
81-1932783,2324-EFHVG,31-7788426,60.65.7.105/1,tv,sony liv,Documentary|Musical,NO
30-7659685,1918-ZBFQJ,91-4039571,110.157.138.243/31,tab,sony liv,Drama,NO
23-6566717,6968-GMKPR,26-1315844,111.14.199.45/4,mobile,hotstar,Documentary|Drama,YES
30-9529232,3062-ICYZQ,20-6855087,158.141.63.180/19,tv,hotstar,Crime|Drama|Thriller,YES
07-6075232,2233-FAGXV,10-2230888,243.155.229.34/10,tv,hotstar,Documentary|War,YES
06-1090915,6017-PPLPX,26-4353308,232.38.56.238/4,laptop,hotstar,Drama|Horror|Musical,YES
43-3046673,1982-FEBTD,16-1862723,131.234.60.11/1,tv,hotstar,Drama|Thriller,YES
83-2807272,9705-IOVQQ,75-7987787,210.28.230.174/28,tv,hotstar,Drama|War,YES
64-9542283,6288-CHQJB,14-8311373,229.168.254.63/25,tv,hotstar,Action|Adventure|Children|Comedy,YES
05-1466682,3315-TOTBP,86-8010269,94.225.91.82/22,mobile,sony liv,Drama,NO
72-0739502,6096-EGVTU,22-1028156,9.207.98.147/12,mobile,sony liv,Action|Adventure,NO
10-4571533,2937-FTHUR,88-7226311,115.67.217.132/30,tab,hotstar,Comedy,YES
12-1050274,4062-HBMOS,92-5798016,157.54.61.250/2,mobile,sony liv,Drama,NO
79-9889161,2387-KDZQY,06-5797603,94.246.128.134/30,tv,sony liv,Action|Adventure|Comedy|Crime|Romance|Thriller,NO
43-3126703,4609-KNNWG,19-4712559,243.111.232.105/20,mobile,hotstar,Sci-Fi|Thriller,YES
86-9466094,0409-WTMPL,42-4067932,144.185.92.46/14,tab,hotstar,Drama|Romance,YES
38-9194438,3766-EJLFL,88-2243051,205.155.149.238/17,tv,sony liv,Fantasy|Horror,NO
46-4498675,4232-JGKIY,83-7042830,129.103.91.199/25,tv,sony liv,Comedy|Drama|Musical,NO
67-3676170,0334-ZFJSR,39-5588492,89.145.173.115/8,tab,sony liv,Action|Horror|Thriller,NO
87-9512088,6582-OIVSP,66-2249845,115.129.63.63/14,tv,hotstar,Sci-Fi,YES
75-8717249,8661-BOYNW,94-2864206,124.21.62.7/13,tab,sony liv,Comedy|Horror,NO
67-9729261,4257-GAESD,81-7347018,68.203.251.11/26,tv,sony liv,Horror|Sci-Fi|Thriller,NO
67-8096128,8785-CJSHH,85-7147367,35.132.210.244/3,mobile,hotstar,Crime|Drama,YES
48-3621775,5469-CTCWN,96-0190625,9.45.99.29/1,tv,hotstar,Crime|Horror|Mystery|Thriller,YES
68-0109056,2839-RFSQE,84-9071855,29.114.41.103/12,laptop,hotstar,Documentary,YES
66-7191104,4890-VMUAV,93-6296188,137.167.137.235/26,mobile,sony liv,Crime|Thriller,NO
60-2261910,3365-SAIGS,31-6782987,135.226.173.227/25,tab,hotstar,Drama,YES
13-3813035,0946-CLJTI,79-2950541,192.149.158.164/25,mobile,sony liv,Comedy|Musical,NO
45-1196672,3920-HIHMQ,77-0981954,135.26.70.17/25,mobile,hotstar,Comedy,YES
52-4324351,5307-UVGNB,58-0381558,187.222.185.83/23,tv,hotstar,Comedy|Drama|Romance,YES
61-5200539,8780-RSYYU,92-4210923,29.66.83.229/8,tv,hotstar,Drama|Fantasy|Romance,YES
90-5807108,0742-NXBGR,53-6063320,237.224.148.252/11,tv,sony liv,Drama|War,NO
09-5415792,8067-NIOYM,54-4155339,200.5.4.229/29,tv,hotstar,Drama,YES
23-4025324,5916-QEWPT,67-7130314,5.125.50.165/19,mobile,sony liv,Drama|Sci-Fi|Thriller,NO
00-0782927,1029-QFBEN,81-0684490,244.225.121.227/9,mobile,sony liv,Drama,NO
05-9696555,9251-WNSOD,52-7023822,156.219.20.131/3,tv,sony liv,Action|Crime|Thriller,NO
91-4901840,6576-FBXOJ,42-8690886,119.11.170.241/14,mobile,hotstar,Adventure|Drama,YES
75-2478622,2501-XWWTZ,44-9621654,116.200.222.159/24,tv,sony liv,Drama,NO
57-5407679,6080-LNESI,63-4853646,28.249.81.34/12,mobile,sony liv,Crime|Drama|Thriller,NO
52-0198787,7245-NIIWQ,65-1896410,198.158.100.85/9,tv,sony liv,Comedy|Drama|Romance,NO
52-7994412,6567-HOOPW,67-7240471,107.71.35.200/7,tv,hotstar,Comedy|War,YES
39-2918773,4550-EVXNY,62-9557473,132.7.35.128/6,mobile,hotstar,Action|Fantasy|Horror,YES
57-8336006,6437-UDQJM,47-0412411,57.158.75.40/23,tv,hotstar,Drama|Romance,YES
53-4174755,0297-RBCSG,49-1838431,133.194.82.145/18,tv,hotstar,Comedy|War,YES
47-9974504,2097-YVPKN,30-4356985,144.246.42.196/14,tv,hotstar,Comedy|Romance,YES
02-9443711,0853-NWIFK,62-8686332,176.238.33.207/11,laptop,sony liv,Comedy,NO
24-6437245,4853-OITSN,66-4021162,231.87.162.81/6,tv,hotstar,Drama,YES
63-6544186,6128-DAFVY,99-9257750,237.136.150.94/30,tv,sony liv,Action|Crime|Drama,NO
61-1958767,1197-BVMVG,92-6583014,128.205.107.86/31,tv,sony liv,Horror,NO
80-9737316,7508-DQAKK,89-6883437,99.22.167.241/25,tv,hotstar,Children|Comedy|Crime|Drama,YES
34-2457803,9938-PRCVK,77-8725920,83.12.100.223/20,tv,sony liv,Romance|Thriller,NO
12-7449114,0289-IVARM,32-1829438,52.10.221.222/2,mobile,sony liv,Horror,NO
55-3909576,8260-NGFNY,44-3120530,110.213.166.24/31,mobile,hotstar,Action|Comedy|Crime|Drama,YES
96-1926166,7074-IEVOJ,21-7537150,237.120.67.145/5,tab,sony liv,Adventure|Drama|Fantasy|Horror|Sci-Fi,NO
16-3129968,6614-YWYSC,52-4118656,59.74.5.122/15,tab,hotstar,Action|Comedy|Thriller,YES
75-5516811,8473-VUVJN,38-8965603,121.120.239.59/3,tv,hotstar,Documentary,YES
40-5853203,6693-DJWTY,57-7191853,30.76.196.211/8,tv,hotstar,Horror,YES
09-0572266,3655-SNQYZ,46-5877797,146.173.67.106/9,mobile,hotstar,Comedy,YES
53-0076136,2845-KDHVX,80-3026974,196.64.184.103/16,tv,sony liv,Animation|Horror,NO
45-9331876,5027-YOCXN,97-3049173,181.209.250.17/22,mobile,sony liv,Drama|Romance,NO
30-7275816,8884-MRNSU,92-2340367,35.216.254.130/3,tab,hotstar,Comedy|Romance,YES
05-9698867,0567-XRHCU,79-4168141,188.206.217.85/30,tv,hotstar,Comedy|Drama,YES
55-5086772,5868-CZJDR,26-6206849,156.196.124.216/11,tv,sony liv,Comedy|Romance,NO
32-9816110,4223-BKEOR,99-7716667,240.107.94.190/19,tv,sony liv,Action|Romance,NO
66-4754503,6035-RIIOM,69-2163365,169.12.235.191/11,mobile,sony liv,Drama,NO
15-5307087,3797-VTIDR,66-3122480,238.106.99.198/16,mobile,hotstar,Action|Adventure|Comedy|Crime|Thriller,YES
92-5732962,2568-BRGYX,19-5239188,62.190.106.86/21,mobile,sony liv,Drama|Romance,NO
06-1660742,2775-SEFEE,55-4348297,181.0.130.180/24,tab,sony liv,Drama|Romance,NO
76-6912495,4291-SHSBH,39-5795432,254.191.164.207/2,tab,hotstar,Horror|Romance|Thriller,YES
16-4812001,4635-EJYPD,91-1288246,171.129.250.195/16,tv,sony liv,Comedy|Drama|Musical,NO
09-2838397,2607-DHDAK,54-0116105,137.38.54.50/7,tv,hotstar,Drama,YES
34-7923535,5204-QZXPU,74-3615152,67.248.0.125/8,tv,sony liv,War,NO
07-2302812,0221-NAUXK,37-1771423,182.17.31.195/4,mobile,sony liv,Action|Drama|Horror,NO
36-0282127,3398-ZOUAA,85-8678033,51.150.99.245/3,tv,hotstar,Comedy|Crime|Drama,YES
31-8218398,1768-HNVGJ,58-5504022,144.117.78.197/15,tv,hotstar,Documentary,YES
27-8763900,5917-RYRMG,38-4582799,43.222.192.220/6,tv,hotstar,Children|Mystery|Sci-Fi,YES
36-1382061,3858-XHYJO,08-8583012,141.123.244.192/14,tab,sony liv,Action|Comedy,NO
47-3235848,4837-PZTIC,20-5815348,124.95.147.49/8,tab,hotstar,Documentary,YES
45-9584026,2773-MADBQ,29-9194748,158.108.13.145/3,tv,hotstar,Drama|Romance,YES
19-1927295,1090-PYKCI,39-2396067,165.205.174.133/20,tv,hotstar,Action|Horror|Sci-Fi,YES
97-1341609,9479-HYNYL,69-7603524,195.138.111.56/6,tv,hotstar,Drama|Film-Noir|Horror|Mystery,YES
73-9569977,4565-NLZBV,77-0944685,102.49.212.100/29,tab,sony liv,Comedy,NO
92-9372682,8318-LCNBW,15-7136816,195.25.15.65/11,tv,sony liv,Action|Adventure|Fantasy,NO
93-1460215,9261-WDCAF,28-3022848,106.199.13.142/15,tab,sony liv,Drama,NO
87-3395865,4909-JOUPP,10-8027689,33.15.123.127/18,tv,hotstar,Drama,YES
87-5932167,1951-IEYXM,19-6564333,115.65.252.155/21,tv,sony liv,Documentary,NO
22-8853933,4227-OJHAL,88-9655179,29.232.158.225/27,mobile,hotstar,Animation|Children|Fantasy|Musical|Romance|IMAX,YES
54-1470998,1708-PBBOA,21-3328465,131.210.239.6/4,tv,sony liv,Documentary,NO
30-1687227,8746-BFOAJ,64-9304605,120.119.167.29/6,tv,hotstar,Drama|Romance,YES
38-1837693,4145-UQXUQ,68-6120483,156.208.214.170/12,tab,sony liv,Action|Adventure|Sci-Fi|Thriller|War,NO
25-4664578,9518-XXBXE,24-4030394,156.4.220.227/29,tv,sony liv,Crime|Drama,NO
06-5108006,9558-IHEZX,19-5983700,55.107.127.99/8,mobile,hotstar,Action|Sci-Fi,YES
23-3380550,1707-HABPF,84-6361311,112.129.205.110/17,mobile,hotstar,Comedy,YES
56-6029842,9643-AVVWI,74-3393832,20.170.98.120/27,tv,sony liv,Action,NO
25-3629814,3398-FSHON,41-2785411,229.135.249.153/2,tv,hotstar,Drama,YES
85-9925197,9139-TWBAS,04-8370195,182.106.72.29/10,tv,sony liv,Drama,NO
02-7869533,0929-HYQEW,94-8760109,84.204.23.67/13,tv,sony liv,Drama|Romance,NO
93-7313185,0487-CRLZF,09-2591760,212.3.67.3/27,mobile,hotstar,Thriller,YES
60-1328559,0454-OKRCT,96-0682919,191.70.110.56/7,tv,hotstar,Comedy,YES
97-2334122,2347-WKKAE,78-6717726,96.139.237.224/13,mobile,sony liv,Drama,NO
74-6363815,6663-JOCQO,98-9612808,230.222.241.213/4,tv,hotstar,Drama|Romance,YES
83-3812672,1297-VQDRP,14-0120014,174.150.6.157/29,tv,hotstar,Drama|Romance,YES
60-2456905,4868-AADLV,89-1310776,158.144.64.202/21,tv,sony liv,Action|Drama,NO
92-1742090,0788-DXBFY,61-0021233,91.34.190.250/16,laptop,hotstar,Comedy|Drama|Romance,YES
63-4477122,5845-BZZIB,94-1496116,82.40.182.13/8,tv,hotstar,Drama,YES
80-9265836,7310-EGVHZ,92-4552736,46.249.70.95/22,tv,hotstar,Drama,YES
86-5057244,4826-TZEVA,67-3291294,89.239.59.245/19,tab,hotstar,Drama|Horror|Thriller,YES
97-1992869,4080-IIARD,33-1510140,167.183.228.36/14,tab,hotstar,Crime|Drama,YES
86-5441568,7672-VFMXZ,73-7509358,236.51.136.182/30,mobile,hotstar,Drama|Thriller,YES
92-0385109,9940-RHLFB,23-6871414,98.223.185.173/6,tv,hotstar,Comedy|Fantasy,YES
20-6835668,9117-SHLZX,25-3864392,86.91.63.224/29,mobile,hotstar,Action|Comedy|Crime|Drama|Musical|Romance,YES
73-6628162,7253-UVNDW,60-8075525,106.60.199.36/16,tv,sony liv,Drama,NO
84-3405340,9898-KZQDZ,36-0268983,73.118.32.86/19,tv,hotstar,Comedy|Romance,YES
60-5226132,8559-CIZFV,27-1031369,190.59.52.23/13,laptop,sony liv,Comedy|Crime,NO
29-8003072,2506-CLAKW,34-3266203,104.65.27.255/21,tv,sony liv,Drama,NO
38-4053228,8591-TKMZH,61-6315287,45.158.223.135/13,tv,hotstar,Drama,YES
84-2868487,4925-LMHOK,38-4319175,97.76.98.133/17,tv,hotstar,Comedy|Drama,YES
59-4787773,4971-PUYQO,69-4965808,58.43.146.58/5,tv,sony liv,Drama,NO
56-7907327,0186-CAERR,78-3798237,201.132.194.155/25,tv,hotstar,Drama,YES
90-8475695,6233-HXJMX,50-4644630,174.110.76.154/31,tv,hotstar,Comedy,YES
33-5936273,9367-OIUXP,09-2607867,163.44.145.19/2,mobile,sony liv,Crime|Thriller,NO
15-5298035,4588-YBNIB,31-7296064,67.130.89.180/23,tv,sony liv,(no genres listed),NO
94-7828165,6467-CHFZW,54-3550261,9.24.57.242/12,tab,hotstar,Comedy|Drama|Romance,YES
65-5040235,8148-BPLZQ,17-2206525,252.20.171.246/26,mobile,sony liv,Fantasy|Horror|Thriller,NO
60-4520518,0557-ASKVU,17-5187896,178.137.129.216/9,mobile,hotstar,Action|Comedy|Documentary,YES
06-8528869,3354-OADJP,07-3521057,159.188.176.10/2,tab,sony liv,Drama,NO
97-6891446,2259-OUUSZ,77-1775837,66.157.24.220/19,tv,sony liv,Crime|Drama|Thriller,NO
37-1814922,4919-IKATY,83-4085166,201.142.52.73/19,mobile,hotstar,Drama|Romance,YES
83-7708892,4328-VUFWD,96-8885360,249.74.131.108/21,tv,hotstar,Drama,YES
68-4562853,8681-ICONS,92-6760347,86.183.159.84/25,mobile,hotstar,Comedy,YES
85-8967241,2232-DMLXU,28-8722747,104.51.136.9/25,tab,hotstar,Drama,YES
00-6090489,6447-GORXK,59-4204836,118.219.55.80/31,tab,sony liv,Comedy|Romance,NO
89-5419702,1777-JYQPJ,28-4897569,230.214.62.255/27,tab,hotstar,Adventure|Drama|Romance,YES
74-6947349,6685-GBWJZ,81-7955248,216.83.11.1/31,tv,hotstar,Comedy|Drama|Romance,YES
94-7303384,3955-JBZZM,09-2125986,91.209.27.122/10,tab,sony liv,Comedy|Drama|Romance,NO
40-9315253,5197-LQXXH,43-9190130,201.209.16.154/29,mobile,hotstar,Drama,YES
05-0076534,5993-JSUWV,26-9744164,16.114.210.58/24,mobile,hotstar,Documentary,YES
94-7212195,2219-MVUSO,71-2352495,141.82.139.150/19,mobile,hotstar,Documentary,YES
31-8080981,3158-MOERK,77-3381113,179.5.7.157/12,tv,hotstar,Drama,YES
16-6191759,3594-KADLU,88-4750496,125.218.3.119/28,mobile,hotstar,Adventure|Horror|Sci-Fi,YES
92-0223900,0932-YIXYU,66-6357323,211.51.215.136/5,mobile,sony liv,Comedy|Romance,NO
98-7415424,8348-HFYIV,53-8319943,117.133.42.136/13,tab,hotstar,(no genres listed),YES
38-2213101,8687-BAFGU,56-2165948,227.72.170.90/5,tv,hotstar,Comedy|Horror|Thriller,YES
36-8802750,7353-YOWFP,64-6119848,88.169.99.15/1,tv,sony liv,Action|Drama|Thriller,NO
00-3469978,6837-HAEVO,40-4092712,198.196.118.254/10,tv,sony liv,Adventure|Animation|Children|Comedy,NO
23-6323029,6734-GMPVK,90-2795017,102.233.20.140/8,tv,hotstar,Drama,YES
23-0580308,7602-DBTOU,10-8003150,181.97.74.169/15,mobile,sony liv,Comedy,NO
60-9241049,9894-EZEWG,80-2502761,221.101.0.202/20,tab,hotstar,Romance|Thriller,YES
59-4918607,1670-SVOWZ,83-2265976,202.3.140.190/15,tv,hotstar,Horror|Thriller,YES
86-4423118,9142-XMYJH,04-2144765,235.220.220.225/26,tv,sony liv,Comedy|Drama|Romance,NO
23-2143895,5893-PYOLZ,20-3586540,148.34.105.219/23,tv,sony liv,Drama,NO
59-5987560,3319-DWOEP,90-5322039,140.25.190.75/1,mobile,hotstar,Comedy,YES
94-8493177,9514-JDSKI,78-8715062,56.123.86.142/22,tv,sony liv,Sci-Fi,NO
12-7656688,7432-FFVAR,31-3775113,215.178.214.51/5,tv,sony liv,Comedy|Drama,NO
59-8160774,4329-YPDDQ,01-6085737,121.158.8.126/17,tv,hotstar,Documentary,YES
73-7476711,2860-RANUS,67-0264691,70.80.237.105/4,mobile,hotstar,Thriller,YES
97-1088992,8696-JKZNU,19-9945440,88.208.66.238/30,tv,hotstar,Animation|Sci-Fi,YES
56-7568260,1089-XZWHH,71-6772690,111.203.226.233/8,tv,sony liv,Comedy|Romance,NO
70-9933708,4831-EOBFE,52-9788115,30.61.61.192/13,mobile,hotstar,Comedy|Sci-Fi,YES
86-3876118,4423-YLHDV,86-8473757,205.32.130.145/4,tv,hotstar,Documentary,YES
03-5402670,5449-FIBXJ,98-5788863,35.107.214.34/15,tv,hotstar,Adventure|Fantasy,YES
48-3940793,8144-DGHXP,65-8342938,252.136.14.178/15,mobile,sony liv,Comedy,NO
09-2115383,6598-RFFVI,91-7440518,2.249.143.143/31,tv,sony liv,Sci-Fi|Thriller,NO
33-4299086,3096-JRDSO,45-5824998,51.134.248.104/4,tab,sony liv,Drama|Thriller,NO
96-3089042,5862-BRIXZ,41-3015438,48.91.97.71/21,tab,hotstar,Drama,YES
84-7688300,1057-FOGLZ,96-9490532,22.88.212.98/4,tab,sony liv,Documentary,NO
09-8419825,9371-BITHB,10-3066130,17.101.228.80/8,tab,sony liv,Drama,NO
57-3502568,4580-TMHJU,47-3053501,199.43.120.128/4,mobile,hotstar,Drama,YES
49-5031629,0178-CIIKR,04-7685797,115.60.40.49/27,tv,hotstar,Action|Comedy,YES
79-9332606,9348-YVOMK,60-6455812,3.152.203.206/6,tv,hotstar,Drama,YES
48-0166371,8417-FMLZI,86-8372585,143.102.155.68/11,mobile,hotstar,Comedy|Drama,YES
60-1439197,6851-WEFYX,36-0641081,184.174.215.183/27,tab,hotstar,Crime|Drama|Mystery,YES
91-3499016,8181-YHCMF,46-2755086,96.34.81.23/12,tv,hotstar,Drama|War,YES
58-7380407,7548-SEPYI,30-3060319,238.37.28.200/18,mobile,hotstar,Comedy,YES
13-1734370,0374-IOEGQ,30-8164566,129.155.87.82/16,laptop,hotstar,Documentary,YES
80-7511431,0581-BXBUB,71-1983907,225.104.76.58/16,tv,hotstar,Thriller,YES
98-4748787,9350-ZXYJC,39-4162900,177.208.54.5/2,tv,sony liv,Action|Drama,NO
87-2119816,8642-GVWRF,82-9650726,11.103.119.109/30,laptop,sony liv,Adventure|Romance,NO
26-2013870,2931-SVLTV,14-0963274,158.131.64.210/14,tv,sony liv,Action|Adventure|Comedy,NO
46-3772686,5183-SNMJQ,33-6428721,57.172.227.51/24,mobile,hotstar,Action|Adventure,YES
12-5341139,7278-CKDNC,41-1231665,114.216.34.97/11,mobile,sony liv,Comedy|Romance,NO
58-0759469,8024-XNAFQ,30-7262097,62.129.54.69/8,mobile,hotstar,Drama|War,YES
14-8334119,5480-TBGPH,84-2825187,12.86.13.65/16,mobile,hotstar,Action|Adventure|Crime|Sci-Fi|Thriller,YES
22-5687697,7301-ABVAD,89-4813568,217.36.245.158/11,tv,hotstar,Documentary|Musical,YES
30-8568351,4678-DVQEO,16-1281036,150.91.218.129/7,tv,hotstar,(no genres listed),YES
04-8044871,9415-DPEWS,86-3750823,150.72.56.37/4,tv,sony liv,Comedy|Drama,NO
31-0218925,3748-FVMZZ,27-2865990,115.157.237.2/9,tv,sony liv,Drama,NO
95-0314441,5281-BUZGT,75-9783683,91.90.59.99/20,tv,hotstar,Drama,YES
13-2580706,5879-SESNB,22-5113238,193.249.21.175/4,tab,sony liv,Comedy,NO
98-3726322,1820-TQVEV,42-2202890,150.245.18.8/27,tab,sony liv,Drama,NO
10-4302122,9003-CPATH,19-9094343,133.9.178.166/11,tab,sony liv,Drama,NO
91-5727073,1268-ASBGA,33-3534589,196.215.132.255/13,laptop,hotstar,Adventure|Drama|Western,YES
55-9433395,6655-LHBYW,90-3679897,87.100.234.217/24,mobile,sony liv,Comedy|Crime|Drama|Western,NO
64-0262001,9227-LUNBG,06-8043134,194.158.123.238/20,tv,hotstar,Documentary,YES
92-1809298,9418-RUKPH,42-6167230,106.158.3.26/30,tv,hotstar,Action|Drama,YES
36-1412497,0537-QYZZN,60-2541826,164.77.56.156/20,tv,sony liv,Documentary,NO
44-6948469,8734-FNWVH,82-5946593,205.70.25.35/31,tv,sony liv,Children|Fantasy|Sci-Fi,NO
83-1386178,4801-KFYKL,18-2716870,198.226.249.151/22,mobile,hotstar,Comedy|Drama|Fantasy|Mystery,YES
94-1479262,8327-LZKAS,91-8960766,198.215.158.90/19,tv,hotstar,Drama,YES
56-0443339,4188-PCPIG,52-6957373,205.211.143.179/28,laptop,sony liv,Adventure|Animation|Children|Comedy|Fantasy|Sci-Fi|IMAX,NO
56-7351158,1843-TLSGD,59-8467217,13.151.42.112/31,tv,sony liv,Comedy,NO
82-6768202,6906-MPARY,92-8658226,100.204.61.203/10,tv,hotstar,Drama,YES
51-4673231,6082-OQFBA,46-7887754,174.223.108.42/14,tab,sony liv,Drama,NO
16-3251579,3544-FBCAS,65-8239448,230.239.141.203/10,tv,sony liv,Horror,NO
24-0561122,8034-RYTVV,45-2718030,153.20.84.167/12,mobile,sony liv,Drama|Romance,NO
23-4801949,7130-YXBRO,73-7352875,134.25.62.145/18,mobile,hotstar,Adventure|Animation|Children,YES
98-7231645,1157-BQCUW,18-7931028,101.15.164.125/31,tab,sony liv,Documentary,NO
76-5152251,9445-SZLCH,70-4863975,156.83.26.9/12,tv,hotstar,Action|Crime|Drama,YES
75-8084316,1399-UBQIU,17-6582708,177.186.106.218/9,mobile,sony liv,Action|Crime,NO
19-5169153,4912-PIGUY,19-4315379,11.52.34.65/31,tv,hotstar,Documentary,YES
95-0888707,1323-OOEPC,11-2253003,244.250.142.226/9,tab,sony liv,Horror,NO
89-0772163,3181-VTHOE,13-4093406,135.234.47.206/27,tv,hotstar,Drama,YES
37-6525893,8272-ONJLV,60-7244350,200.129.46.109/4,tab,sony liv,Comedy,NO
44-0745668,3647-GMGDH,03-8230309,130.69.12.187/11,tv,hotstar,Adventure|Fantasy|Sci-Fi,YES
34-5566907,1303-SRDOK,37-6827982,28.173.253.41/8,tv,sony liv,Mystery|Thriller,NO
40-5869432,7361-YPXFS,54-6591553,203.227.177.150/29,mobile,sony liv,Drama,NO
33-4357531,3359-DSRKA,10-6952480,196.255.56.173/17,tv,hotstar,Western,YES
13-9621181,6746-WAUWT,98-2157930,129.154.1.216/27,mobile,sony liv,Action|Adventure|Comedy,NO
06-5693309,4659-NZRUF,56-9157975,139.32.98.51/17,tab,sony liv,Action|Adventure|Sci-Fi|Thriller|IMAX,NO
29-3905966,9518-IMLHK,26-4157227,123.208.250.249/3,tv,sony liv,Drama,NO
01-8470313,3374-LXDEV,50-3667145,135.128.230.245/8,tv,sony liv,Action|Sci-Fi,NO
05-8793333,5356-RHIPP,75-4657581,184.115.178.51/15,tab,sony liv,Horror|Thriller,NO
59-8616939,1122-JWTJW,20-7304021,162.144.108.154/2,tv,hotstar,Horror,YES
69-1139056,0650-BWOZN,38-9756152,247.227.64.188/19,tv,sony liv,Comedy,NO
49-1418551,5546-QUERU,56-5769456,146.8.106.46/22,tv,sony liv,Action|Crime|Drama|Thriller,NO
20-5251897,8610-ZIKJJ,87-5458068,53.195.125.138/31,mobile,hotstar,Drama,YES
98-7420282,8590-YFFQO,17-4204271,225.196.227.134/5,tab,hotstar,Drama|Romance,YES
32-2586613,2428-HYUNX,11-8247386,133.97.8.143/3,tv,sony liv,Romance,NO
03-0850300,7219-TLZHO,29-2483166,255.159.139.50/17,tv,hotstar,Drama,YES
19-1963040,2649-HWLYB,18-2766181,33.198.225.244/4,mobile,hotstar,Comedy|Drama,YES
86-6297868,8065-QBYTO,95-5763973,27.171.30.40/31,mobile,hotstar,Comedy,YES
62-6738659,8259-DZLIZ,67-1978598,119.244.57.237/24,tab,sony liv,Documentary,NO
49-1790375,3348-CFRNX,61-8396607,192.204.62.104/1,tab,hotstar,Comedy|Drama,YES
46-1633058,8245-UMPYT,67-8919576,123.120.42.175/30,mobile,sony liv,Documentary,NO
35-1026078,1555-DJEQW,98-9211171,91.8.44.52/14,tab,sony liv,Comedy|Crime|Drama,NO
98-2748343,7776-QGYJC,11-3685520,89.108.200.167/22,mobile,hotstar,Drama|Romance|War,YES
68-3225576,2828-SLQPF,99-7443494,183.83.113.222/24,tv,hotstar,Drama|Romance,YES
76-3748301,3170-GWYKC,15-6198676,121.153.91.125/22,tv,hotstar,Documentary,YES
16-2211764,1710-RCXUS,11-5530776,137.168.65.76/30,mobile,hotstar,Comedy|Drama,YES
82-7228477,2673-CXQEU,11-3302869,242.111.59.79/4,mobile,sony liv,Documentary,NO
05-9091496,3838-OZURD,48-8136217,192.237.171.190/19,tab,sony liv,Comedy|Drama,NO
21-7157247,4859-ZSRDZ,93-3700207,142.39.29.80/11,laptop,sony liv,Drama,NO
93-1144867,5795-BKOYE,87-6033543,196.23.111.190/21,mobile,sony liv,Comedy|Horror|Romance,NO
97-5467840,2851-MMUTZ,79-0520420,110.114.60.89/19,tv,sony liv,Drama|War,NO
28-3140558,9752-ZNQUT,79-4300907,188.113.60.101/26,tv,hotstar,Adventure|Drama,YES
40-1344313,6972-SNKKW,59-4742912,173.162.67.49/22,tv,hotstar,Drama,YES
39-2387910,1329-VHWNP,81-7732751,77.169.90.141/9,mobile,sony liv,Drama,NO
79-7111953,3999-QGRJH,62-3847353,80.160.159.75/27,mobile,sony liv,Crime|Drama|Romance,NO
61-7544810,3466-BYAVD,40-2505210,149.128.128.154/15,mobile,hotstar,Animation|Drama|Sci-Fi|IMAX,YES
24-2057176,4568-TTZRT,83-9851822,56.110.47.254/29,tv,sony liv,Drama,NO
61-6398197,4672-FOTSD,58-9467908,146.7.12.206/12,tab,hotstar,Horror|Sci-Fi,YES
75-6449287,8851-RAGOV,97-7165042,37.3.195.154/2,tv,hotstar,Sci-Fi,YES
21-0036310,0256-LTHVJ,57-4296207,140.246.79.136/21,tab,sony liv,Action|Comedy|Crime,NO
14-4882102,5278-PNYOX,95-9895170,71.30.250.202/29,tv,sony liv,Drama|Romance,NO
36-4362359,3132-TVFDZ,38-9972993,82.190.207.126/11,tv,hotstar,Drama,YES
14-1742839,6924-TDGMT,57-6373597,44.253.209.239/27,tv,hotstar,Children|Fantasy,YES
78-7655351,2824-MYYBN,70-7714893,212.163.213.253/24,mobile,sony liv,Comedy,NO
09-5804529,4289-DTDKW,84-8172459,3.166.110.190/9,tab,sony liv,Drama,NO
98-6963480,0017-DINOC,45-9243822,228.131.34.254/15,mobile,sony liv,Crime|Drama,NO
32-0871169,4536-PLEQY,65-8670150,58.253.8.116/16,laptop,sony liv,Comedy,NO
73-8504115,6402-EJMWF,43-6020172,131.174.24.36/9,laptop,sony liv,Drama|Thriller,NO
64-1646218,1442-OKRJE,01-2571294,171.184.197.253/22,tv,hotstar,Action|Crime|Drama|Thriller,YES
21-6543717,1459-QNFQT,25-4503275,201.68.85.11/18,mobile,sony liv,Drama,NO
94-2657686,6996-KNSML,99-1971004,42.105.234.62/26,tv,hotstar,Adventure|Children|Drama,YES
13-7900276,2239-JALAW,08-6339866,33.233.20.108/13,mobile,sony liv,Action|Crime|Drama|Romance|Thriller,NO
37-6355883,3452-ABWRL,56-3247849,163.195.35.31/11,tv,sony liv,Comedy|Crime,NO
66-2266034,9231-ZJYAM,75-0908834,244.133.22.72/18,mobile,hotstar,Western,YES
27-6219542,7153-CHRBV,61-5099771,176.173.3.107/31,tv,hotstar,Drama|War,YES
94-8072574,6833-JMZYP,71-0682238,97.220.244.57/5,tv,hotstar,Musical,YES
35-1444544,5666-CYCYZ,30-6493420,196.197.142.95/26,tv,hotstar,Comedy,YES
73-1085262,4425-OWHWB,00-1125610,66.220.211.172/12,tv,hotstar,Drama|Sci-Fi,YES
59-5143997,1543-LLLFT,10-8764054,114.10.211.2/12,tv,sony liv,Horror|Mystery,NO
17-4124263,6581-NQCBA,97-2196110,119.8.82.35/18,tv,hotstar,Drama|Romance,YES
67-3928954,8152-VETUR,31-3070018,2.74.232.199/15,tv,sony liv,Comedy,NO
75-7623184,9796-MVYXX,10-0559658,128.179.184.58/16,mobile,hotstar,Comedy|Musical,YES
51-5839152,2842-JTCCU,14-9005798,78.114.51.144/7,tab,hotstar,Horror|Thriller,YES
36-9452373,0595-ITUDF,48-2628572,196.169.45.215/20,tv,hotstar,Sci-Fi|Thriller,YES
68-5113999,0219-QAERP,94-3210623,240.220.40.6/1,mobile,hotstar,Drama,YES
02-4867094,8226-BXGES,43-6556039,78.108.97.167/8,mobile,sony liv,Comedy|Horror,NO
57-6965390,3090-HAWSU,41-2472534,215.181.99.208/9,tv,hotstar,Comedy,YES
61-6345539,1136-XGEQU,45-3039653,87.239.25.107/1,mobile,sony liv,(no genres listed),NO
74-4205281,6732-FZUGP,97-1258362,110.203.252.137/31,mobile,sony liv,Crime|Mystery|Romance|Thriller,NO
90-8508616,3401-URHDA,16-2053396,111.200.127.216/27,tv,sony liv,Adventure|Comedy|Drama,NO
85-9182453,0365-TRTPY,12-6871319,128.35.54.182/2,laptop,hotstar,Drama|Horror,YES
75-5704913,4654-DLAMQ,36-4491177,69.186.11.57/10,tv,sony liv,Crime|Drama|Thriller,NO
32-1106546,8847-GEOOQ,65-0948238,10.229.201.178/13,tv,sony liv,Action|Comedy|Crime,NO
89-9080187,3030-ZKIWL,29-3555153,169.135.82.222/13,mobile,hotstar,Horror,YES
03-9796310,6727-IOTLZ,62-2449388,6.122.223.88/3,tv,hotstar,Drama,YES
09-3820642,6960-HVYXR,72-7628784,7.1.168.235/20,mobile,sony liv,Comedy,NO
37-3998780,0378-NHQXU,18-5393784,118.228.3.88/14,tv,hotstar,Drama,YES
48-9637999,0565-JUPYD,56-9908381,50.201.14.93/15,laptop,sony liv,Adventure|Drama|War,NO
10-6882130,4625-XMOYM,99-3602622,101.130.222.34/23,tv,sony liv,Horror,NO
13-0881464,7663-ZTEGJ,41-5099521,232.170.27.45/12,mobile,hotstar,Crime|Drama|Mystery|Thriller,YES
41-5615822,1402-PTHGN,46-2174883,148.9.115.160/14,tv,hotstar,Adventure|Drama,YES
29-6334625,7657-DYEPJ,63-4770910,24.252.117.136/4,tv,hotstar,Drama,YES
70-5099486,3523-BRGUW,36-8153268,83.217.182.151/11,tab,hotstar,Drama,YES
27-3610464,0100-DUVFC,37-6016466,87.96.84.233/22,tv,hotstar,Comedy|Documentary,YES
92-2738524,2026-TGDHM,50-3600265,37.145.36.220/2,tv,hotstar,Drama,YES
03-9903324,9746-UGFAC,62-9708304,141.34.56.211/17,tv,hotstar,Action|Comedy|Western,YES
27-0006907,1042-HFUCW,42-4633198,237.176.209.118/30,tv,hotstar,Comedy|Drama,YES
10-4186471,1153-GNOLC,51-3031536,46.184.212.102/2,tv,sony liv,Comedy,NO
28-4513307,0576-WNXXC,51-4453404,169.53.255.172/10,tv,hotstar,Comedy|Drama|Romance,YES
46-4779008,6906-ANDWJ,90-9624375,3.56.51.20/20,mobile,hotstar,Documentary,YES
15-4400299,1022-RKXDR,89-2016466,60.168.121.225/16,tab,sony liv,Comedy|Romance,NO
42-8004828,7123-WQUHX,65-3266124,0.79.35.199/25,tab,hotstar,Sci-Fi|Thriller,YES
54-9913677,5857-TYBCJ,67-9175583,93.38.67.162/15,mobile,hotstar,Comedy|Romance,YES
79-3265240,7729-XBTWX,64-6834317,9.162.38.166/12,mobile,hotstar,Animation|Children|Comedy|IMAX,YES
27-8116724,3978-YNKDD,72-8448223,165.98.198.117/18,mobile,hotstar,Comedy|Drama,YES
75-1434945,9170-CCKOU,57-6490540,47.18.13.236/21,mobile,sony liv,Documentary,NO
40-3117412,1475-VWVDO,17-9847991,14.99.228.104/18,mobile,sony liv,Adventure|Drama,NO
90-5031740,7108-DGVUU,87-9447207,17.28.218.162/5,mobile,hotstar,Action|Adventure|Sci-Fi|IMAX,YES
72-0999935,2533-QVMSK,32-4063078,22.202.52.7/6,mobile,sony liv,Fantasy|Horror|Thriller,NO
51-4393412,7339-POGZN,88-4770141,174.159.100.3/5,tv,hotstar,Documentary,YES
27-0609335,6848-YLDFR,09-2763251,49.24.89.219/5,mobile,sony liv,Comedy|Drama,NO
26-7564896,2898-LSJGD,87-5244626,5.37.182.68/24,mobile,sony liv,Comedy|Romance,NO
52-0537764,3507-GASNP,22-1754986,13.120.64.179/4,laptop,hotstar,Action|Sci-Fi,YES
13-0803287,7799-LGRDP,62-2900804,211.172.123.154/15,tv,sony liv,Documentary,NO
95-2792309,5373-SFODM,71-2594264,190.90.152.198/22,tv,sony liv,Action|Sci-Fi,NO
32-7878853,7733-UDMTP,77-0999336,169.37.219.201/20,mobile,sony liv,(no genres listed),NO
73-3999135,2801-NISEI,34-8870374,83.188.210.123/31,tv,sony liv,Drama,NO
69-5931463,4378-MYPGO,53-1754187,211.63.213.103/14,tv,hotstar,Drama|War,YES
07-2456299,0129-KPTWJ,63-8637441,113.253.13.84/26,tv,hotstar,Comedy,YES
75-4587321,0373-AIVNJ,52-8761426,247.51.10.74/4,mobile,sony liv,Drama|Musical,NO
56-0163036,8414-OOEEL,17-5798623,74.106.247.86/17,mobile,hotstar,Drama,YES
84-9882813,8541-QVFKM,00-7268092,5.141.161.183/30,laptop,sony liv,Documentary,NO
65-7938931,2931-XIQBR,90-0078556,106.11.26.58/5,tv,hotstar,Comedy,YES
72-2733470,5652-MSDEY,38-4434474,221.210.134.174/14,mobile,hotstar,Documentary,YES
92-3361915,2586-CWXVV,62-5398714,29.16.144.241/11,tv,hotstar,Documentary,YES
51-8643945,8058-INTPH,54-2942377,64.209.24.109/7,mobile,sony liv,Comedy|Drama,NO
76-5967079,2798-NYLMZ,48-0213255,19.215.15.3/10,mobile,hotstar,Crime|Drama|Mystery,YES
72-7082860,0880-TKATG,36-3532788,235.223.231.23/11,mobile,sony liv,Horror|Thriller,NO
94-9134260,9342-VNIMQ,48-5002789,50.127.241.124/11,mobile,sony liv,Drama,NO
07-1732116,7779-LGOVN,98-7409250,105.71.174.212/21,mobile,sony liv,Adventure|Fantasy,NO
71-8313950,2192-CKRLV,51-5882015,111.223.204.98/18,tab,hotstar,Drama|Film-Noir,YES
06-1057481,6982-UQZLY,57-7890762,43.137.86.43/8,laptop,sony liv,Comedy,NO
72-5973761,8441-SHIPE,22-2328025,222.208.32.68/29,tv,sony liv,Western,NO
16-8533299,8212-CRQXP,06-7675193,49.117.183.144/28,tv,sony liv,Adventure|Animation|Children|Fantasy|Musical|Romance,NO
89-8340436,3009-JWMPU,27-2344088,249.192.226.24/20,tab,hotstar,Drama|Romance,YES
40-1263343,0623-IIHUG,49-6655887,152.149.159.133/29,laptop,sony liv,Adventure|Animation|Children|Comedy,NO
13-8787764,2632-IVXVF,16-8936949,8.197.200.231/16,tv,sony liv,Comedy|Horror|Thriller,NO
51-5756939,0655-RBDUG,36-5838217,235.106.63.199/9,tab,sony liv,Fantasy|Romance|Sci-Fi,NO
10-8770306,1867-TJHTS,49-9177435,13.170.243.109/17,tv,sony liv,Drama|Romance,NO
34-5691354,0027-KWYKW,80-0305188,26.107.211.37/16,tab,sony liv,Comedy|Drama|Romance,NO
13-6139931,1131-QQZEB,78-0848191,91.131.79.96/25,tv,hotstar,Horror|Sci-Fi|Thriller,YES
43-0854829,5651-CRHKQ,02-6987475,12.175.86.119/9,tv,sony liv,Drama|Romance,NO
94-4733680,1371-DWPAZ,58-7415766,211.198.234.84/19,tv,sony liv,Comedy|Drama,NO
57-1381061,1194-BHJYC,08-3851091,162.66.203.246/12,tv,hotstar,Drama,YES
78-6968069,0572-ZJKLT,10-6516442,242.114.144.13/3,tv,sony liv,Action|Sci-Fi,NO
32-1414252,2928-HLDBA,01-1601854,67.7.194.28/30,tv,hotstar,Comedy|Documentary,YES
07-8466736,2645-QTLMB,05-7096652,62.161.72.32/2,mobile,hotstar,Comedy|Drama,YES
32-0033962,0491-KAPQG,51-8921718,151.162.165.173/5,mobile,sony liv,Comedy|Documentary,NO
42-5405401,3793-MMFUH,03-3209692,200.30.71.250/4,tv,hotstar,Documentary,YES
20-5519219,0578-SKVMF,83-2317357,147.248.21.129/12,tab,hotstar,Animation|Children|Comedy,YES
50-9416151,1025-FALIX,09-1090590,106.92.160.199/22,mobile,hotstar,Documentary,YES
09-6872238,7880-XSOJX,96-6502177,136.188.43.142/11,mobile,sony liv,Adventure|Comedy|Fantasy|Musical|Romance,NO
67-0338937,5799-JRCZO,66-9449396,165.63.37.187/12,tab,hotstar,Action|Comedy|Crime,YES
95-0123184,0495-ZBNGW,01-7739461,77.226.84.74/10,mobile,sony liv,Drama,NO
13-9033337,9970-QBCDA,37-2212556,79.247.10.108/13,laptop,sony liv,Drama,NO
27-9835997,7271-AJDTL,30-5811466,129.99.104.247/9,mobile,sony liv,Action|Drama|Romance,NO
79-1170516,7833-PKIHD,95-0333057,234.205.84.176/11,mobile,hotstar,Action|Crime|Drama|Thriller,YES
16-7406497,5791-KAJFD,96-6923018,102.58.220.166/10,tv,sony liv,Drama,NO
96-6383839,8499-BRXTD,40-5755248,247.132.219.247/4,tv,sony liv,Drama,NO
53-9753161,0853-TWRVK,86-4765762,86.45.23.174/23,tv,hotstar,Horror|Mystery|Thriller,YES
85-7794962,4456-RHSNB,12-6882235,223.172.144.139/11,mobile,hotstar,Drama|Romance,YES
32-4690268,9809-IMGCQ,25-0424538,174.39.47.25/19,tab,hotstar,Comedy,YES
94-3892184,2073-QBVBI,16-7259968,136.127.112.112/3,tab,hotstar,Action|Adventure|Drama,YES
88-0264463,1257-SXUXQ,34-0611150,112.210.146.15/6,mobile,sony liv,Musical,NO
72-8130256,6169-PGNCD,21-3333438,154.74.66.102/27,tv,hotstar,Comedy,YES
91-5287720,2692-BUCFV,35-3470184,105.99.10.92/6,mobile,hotstar,Animation|Comedy|Sci-Fi,YES
35-9525987,1644-IRKSF,84-5590475,98.33.251.59/15,mobile,sony liv,Drama|Horror|Mystery|Thriller,NO
90-0922827,1304-SEGFY,19-9684664,142.24.195.62/14,tv,sony liv,Comedy,NO
96-6494793,9777-WJJPR,02-8007944,41.254.234.79/23,tv,hotstar,Drama|Western,YES
44-2545149,5732-IKGQH,49-7418849,38.208.73.75/2,mobile,hotstar,Drama|Horror,YES
23-3408762,1757-TCATG,85-2773485,109.244.61.41/29,mobile,sony liv,Comedy|Musical,NO
79-9290667,8314-HTWVE,99-9407061,129.45.185.12/21,mobile,hotstar,Drama,YES
85-1039923,2087-QAREY,63-9617453,249.4.117.202/23,mobile,sony liv,Action|Crime|Drama,NO
84-0400032,4229-CZMLL,03-6638437,221.89.0.237/23,mobile,sony liv,Documentary,NO
64-2090625,4940-KHCWD,51-4575581,143.97.154.117/26,mobile,sony liv,Documentary,NO
07-6161922,1834-WULEG,80-9966552,84.221.15.171/3,tv,sony liv,Documentary,NO
37-9442073,6360-SVNWV,12-2563876,206.69.219.194/21,tv,hotstar,Comedy|Drama,YES
35-3148683,5226-NOZFC,06-1056768,50.128.95.89/18,tab,sony liv,Documentary,NO
85-4736960,1062-LHZOD,94-8605708,61.46.220.196/18,tv,hotstar,Drama,YES
40-6433545,1106-HRLKZ,95-3963646,237.236.154.166/17,tv,hotstar,Drama,YES
75-3416621,7094-MSZAO,64-3197163,7.120.231.164/28,tv,sony liv,Comedy,NO
27-5263101,0613-WUXUM,46-4918173,80.220.198.206/1,tv,hotstar,Action|Crime|Thriller,YES
30-2841039,8806-EAGWC,17-9751709,4.9.13.63/13,mobile,sony liv,Documentary,NO
35-3311478,6769-DYBQN,00-3679469,218.206.191.158/31,tv,hotstar,Action|Comedy,YES
91-9672676,2408-TZMJL,46-0137321,117.243.183.181/1,tv,sony liv,Drama,NO
22-8438530,1996-DBMUS,73-2640910,240.228.222.21/27,tab,sony liv,Action|Western,NO
70-0840280,6323-AYBRX,35-6087850,85.192.145.18/13,mobile,hotstar,Documentary,YES
48-0389177,1432-FPAXX,63-2294502,30.229.59.90/5,tv,hotstar,Documentary,YES
39-4031444,4160-AMJTL,20-1840939,233.146.173.245/8,tv,sony liv,Animation|Children|Comedy|Musical,NO
88-1047164,3352-RICWQ,99-4957066,154.176.109.90/3,tv,hotstar,Horror|Thriller,YES
98-4921860,2680-XKKNJ,76-2647102,15.87.181.76/31,mobile,hotstar,Comedy|Drama,YES
77-2143203,8182-BJDSI,30-2886516,164.203.19.4/16,tv,sony liv,Action|Crime|Thriller,NO
22-9782705,1389-WNUIB,20-8311779,21.112.199.81/22,tv,sony liv,Comedy|Drama|Musical,NO
99-6534598,4612-THJBS,83-9511910,20.78.234.191/4,mobile,sony liv,Comedy|Western,NO
65-0372583,1530-ZTDOZ,15-5292007,237.187.234.251/21,tab,hotstar,Fantasy|Horror|Thriller,YES
91-2512252,5842-POCOP,40-7779319,13.133.135.201/28,tv,hotstar,Drama|Romance,YES
04-7471664,9492-TOKRI,59-9941768,12.74.219.72/27,mobile,sony liv,Horror|Sci-Fi,NO
48-2092011,0795-LAFGP,28-7646562,14.113.250.7/25,laptop,sony liv,Drama|Romance,NO
89-3777063,0611-DFXKO,02-3027244,96.47.181.67/13,tv,sony liv,Drama|Mystery|Thriller,NO
27-0365169,8035-BUYVG,09-3455654,2.132.63.209/21,tab,hotstar,Fantasy|IMAX,YES
20-3033966,6620-JDYNW,32-1109350,1.178.133.23/3,tv,hotstar,Action|Crime,YES
38-1601194,8590-OHDIW,95-5798715,138.49.137.178/16,mobile,sony liv,Drama|Thriller,NO
72-5007303,5897-ZYEKH,21-3838164,28.142.210.218/8,tab,sony liv,Crime|Thriller,NO
78-6308034,5084-OOVCJ,34-6081136,152.53.193.120/26,tab,hotstar,Western,YES
97-4871751,1740-CSDJP,38-1947662,103.111.31.245/7,tv,hotstar,Drama|Thriller,YES
70-4646215,2696-RZVZW,65-6961890,176.133.32.129/13,tv,hotstar,Comedy,YES
02-5373522,9450-TRJUU,74-6198554,121.180.217.203/8,tv,sony liv,Adventure|Comedy|Horror,NO
41-6439111,4581-SSPWD,69-6546310,166.177.185.185/5,mobile,sony liv,Drama|Film-Noir,NO
94-2455742,4813-HQMGZ,83-7742831,173.122.251.77/24,mobile,hotstar,Horror|Sci-Fi|Thriller,YES
24-2077042,4903-CNOZC,98-3446615,10.128.72.167/13,mobile,sony liv,Action|Adventure|Animation|Sci-Fi,NO
29-3981076,0822-GAVAP,40-1755650,193.85.167.177/26,mobile,hotstar,Drama,YES
24-0960737,3055-OYMSE,62-7017382,200.148.89.112/12,tv,sony liv,Drama,NO
44-2210095,7242-QZLXF,44-6381578,57.117.31.100/9,tv,sony liv,Documentary,NO
57-5215638,8325-QRPZR,84-3674725,106.188.210.92/9,mobile,sony liv,Action|Horror|Sci-Fi,NO
09-5391721,7874-ECPQJ,73-8485707,91.14.134.251/2,tv,sony liv,Comedy|Documentary|Drama,NO
94-9301493,2476-YGEFM,95-9616173,109.32.63.51/10,tv,sony liv,Documentary|Musical,NO
84-7772723,2276-YDAVZ,48-5589528,193.115.134.65/1,tv,sony liv,Drama,NO
71-3648307,0661-XEYAN,07-8616801,90.100.222.118/2,tv,hotstar,Drama|Fantasy|Sci-Fi,YES
16-2426565,1397-XKKWR,72-2226017,181.37.68.56/30,mobile,hotstar,Action|Crime|Mystery|Thriller,YES
17-6100367,9249-FXSCK,40-2890386,110.231.87.129/20,mobile,hotstar,Horror,YES
83-7292094,4718-WXBGI,30-8197519,53.50.100.60/8,tv,hotstar,Action|Drama,YES
80-0917944,0486-HECZI,61-3199400,119.35.26.71/28,mobile,hotstar,Drama,YES
78-0500651,7291-CDTMJ,90-6752936,21.117.175.73/28,mobile,sony liv,(no genres listed),NO
83-1726218,7196-LIWRH,80-5334015,82.65.179.174/10,tab,sony liv,Drama,NO
16-0651860,0625-AFOHS,41-7884135,123.79.69.147/28,tv,hotstar,Comedy,YES
84-6873857,5656-MJEFC,62-6483507,168.176.64.165/14,tab,hotstar,Documentary,YES
70-2603720,5640-CAXOA,51-3377978,19.237.34.122/12,mobile,hotstar,Drama,YES
82-9477014,3946-MHCZW,47-7896182,42.163.179.71/13,tv,hotstar,Crime|Drama|Mystery,YES
33-6817639,8374-UULRV,82-1134516,170.113.74.244/1,tab,hotstar,Comedy,YES
01-9906387,2108-YKQTY,30-9614379,200.45.227.20/7,laptop,sony liv,Horror|Sci-Fi|Thriller,NO
92-4391578,2862-PFNIK,14-8584527,251.157.169.184/12,tv,sony liv,Documentary,NO
52-2405582,2856-HYAPG,32-9565999,129.112.7.167/31,mobile,hotstar,Documentary,YES
84-0534414,3707-GNWHM,39-1615668,206.224.164.177/31,tv,hotstar,Drama,YES
23-0624291,2363-BJLSL,21-8376562,212.8.39.50/1,mobile,hotstar,Drama,YES
86-2476734,3663-MITLP,97-1105202,104.36.50.8/24,tv,sony liv,Drama|Romance,NO
60-3343994,3373-YZZYM,91-6694270,171.232.65.242/8,tv,hotstar,Comedy|Crime,YES
42-1803894,5848-FHRFC,84-2274034,44.5.98.213/8,mobile,hotstar,Drama,YES
97-3747100,0840-DFEZH,34-7141391,37.32.58.246/27,mobile,sony liv,Crime|Drama|Romance,NO
74-8567769,5879-HMFFH,64-7190528,32.2.67.196/24,mobile,sony liv,Action|Fantasy|Horror,NO
85-7124230,4723-BEGSG,18-6167312,5.66.245.88/9,mobile,sony liv,Children|Drama,NO
00-5199735,3976-BWUCK,88-3230837,38.147.92.127/4,tab,sony liv,Action|Adventure,NO
39-0440031,7120-RFMVS,68-5621352,177.188.48.114/14,tv,sony liv,Adventure|Children|Fantasy|Musical,NO
71-8352687,8292-FRFZQ,23-9580308,221.190.37.234/1,tab,sony liv,Drama,NO
28-9905918,9480-BQJEI,89-0143898,211.91.5.113/28,tv,hotstar,Horror|Thriller,YES
55-3521606,4350-ZTLPI,79-7341787,213.120.173.17/27,tv,hotstar,Western,YES
82-4464444,3763-GCZHZ,02-6829267,86.7.80.14/18,mobile,hotstar,Comedy|Musical|Romance,YES
05-3684438,1658-XUHBX,28-0693897,155.102.104.35/12,tv,sony liv,Drama|Horror|Mystery|Thriller,NO
44-4279153,2507-QZPQS,01-8308026,80.41.188.182/24,mobile,hotstar,Comedy|Drama|Romance,YES
58-0795877,0564-JJHGS,03-6731509,213.113.74.94/17,tv,hotstar,Documentary|Musical,YES
61-6253271,9750-BOOHV,25-0371612,182.143.172.13/24,tv,sony liv,Comedy|War,NO
76-8777415,8773-HHUOZ,86-6921733,77.7.185.155/29,mobile,sony liv,Adventure|Children|Fantasy,NO
97-7847413,1335-MXCSE,41-8969395,76.217.170.42/24,mobile,hotstar,Comedy,YES
53-9369507,6029-CSMJE,75-6839485,112.187.96.100/3,tv,hotstar,Horror,YES
32-1586545,8707-RMEZH,62-7907214,230.81.217.52/25,tv,sony liv,Crime|Drama|Thriller,NO
89-3581388,0771-CHWSK,23-3823818,144.8.173.186/30,mobile,hotstar,Drama,YES
69-6025609,3703-KBKZP,40-2024213,76.49.163.254/22,tv,sony liv,Action|Comedy|Horror|Thriller,NO
41-0955795,9477-LGWQI,31-4202584,218.250.200.136/29,tv,hotstar,Drama,YES
58-4920272,4893-GYUJU,40-6124546,114.32.46.123/27,mobile,hotstar,Adventure|Drama,YES
42-7853129,2393-DIVAI,87-0261749,51.71.7.219/17,tv,hotstar,Comedy,YES
60-9385442,0872-JCPIB,48-4709429,253.111.55.198/20,tv,hotstar,Drama|Film-Noir,YES
56-5275913,9909-IDLEK,07-4420987,224.244.158.51/25,tab,hotstar,Action|Drama,YES
32-5775556,4086-WITJG,15-2194622,44.62.56.178/5,tab,sony liv,Action|Drama|Sci-Fi|Thriller,NO
61-4058725,2874-YXVVA,14-4689725,33.179.60.146/29,tab,sony liv,Comedy|Romance,NO
60-8533336,0057-QBUQH,06-3525155,154.99.145.70/27,tab,hotstar,Drama,YES
71-3272807,4676-MQUEA,21-7045890,100.14.1.39/25,tv,hotstar,Comedy,YES
67-5430628,0580-PIQHM,89-0423259,224.122.101.63/25,tab,hotstar,Action|Crime|Thriller,YES
33-8025797,5243-SAOTC,46-9561966,130.93.214.245/9,tv,hotstar,(no genres listed),YES
15-4837260,8347-GDTMP,31-5628579,15.172.149.39/26,mobile,hotstar,Horror,YES
41-7217892,5012-YSPJJ,62-8132177,218.95.180.145/26,tv,hotstar,Comedy,YES
77-8186050,5288-AHOUP,70-8260104,200.236.122.232/21,mobile,sony liv,Thriller,NO
93-3756555,7488-MXJIV,80-9427240,23.35.134.98/30,tab,hotstar,Comedy|Drama|Fantasy,YES
12-6856018,9867-XOBQA,69-9314446,27.218.255.147/27,tv,hotstar,Drama|Film-Noir|Mystery,YES
22-0106068,2511-ALLCS,05-6773621,250.25.55.167/19,tv,sony liv,Drama|Romance,NO
70-9432019,5578-NKCXI,20-5643953,3.39.91.196/19,mobile,sony liv,Comedy|Drama,NO
17-1172475,1223-UNPKS,86-9118741,113.27.85.214/30,mobile,sony liv,Comedy,NO
41-9156847,9087-EYCPR,10-9914243,24.167.146.151/18,tv,hotstar,Crime|Drama,YES
33-2519636,5924-SNGKP,65-9903194,221.27.220.210/1,tv,hotstar,Drama,YES
88-5966351,1101-SSWAG,80-6662305,147.50.150.235/9,tv,sony liv,Drama,NO
88-0030803,0082-LDZUE,13-6399648,206.84.32.15/13,mobile,hotstar,Action|Crime|Drama|Thriller,YES
24-1368002,2003-CKLOR,51-8703234,28.222.138.131/19,tv,hotstar,Action|Adventure|Sci-Fi|IMAX,YES
61-5831836,0679-IDSTG,24-3540135,137.158.51.57/9,mobile,sony liv,Documentary,NO
17-1124676,7729-JTEEC,69-9849987,122.124.103.116/15,mobile,sony liv,Comedy,NO
73-9778100,1550-LOAHA,89-1314125,221.134.39.209/14,mobile,sony liv,Documentary,NO
98-9949850,8336-TAVKX,41-8530986,9.173.29.81/7,tv,hotstar,Crime|Drama|Thriller,YES
90-5404123,9114-VEPUF,13-1988756,197.70.1.145/15,tv,sony liv,Crime|Drama|Film-Noir,NO
00-2384001,2688-BHGOG,37-4924398,105.83.8.241/23,tv,hotstar,Comedy|Musical,YES
00-5214815,2038-OEQZH,59-0417022,68.249.29.219/13,tab,hotstar,Documentary,YES
35-3754011,4767-HZZHQ,81-7198697,144.221.119.221/27,mobile,hotstar,Comedy|Drama|Romance,YES
88-6684960,0093-XWZFY,14-6249031,242.98.60.247/27,tv,sony liv,Comedy|Drama|Fantasy|Musical,NO
82-6253380,5519-TEEUH,56-1360081,242.199.1.73/11,tv,hotstar,Drama,YES
47-3008256,1088-CNNKB,80-9802267,143.58.251.254/24,tv,hotstar,Documentary,YES
18-9613787,1813-JLKWR,50-7408916,155.81.177.129/14,mobile,sony liv,Adventure|Comedy|Fantasy,NO
48-8128604,4566-NECEV,03-7675734,43.70.176.220/21,laptop,sony liv,Crime|Drama|Thriller,NO
06-5063057,1009-IRMNA,74-5559366,95.208.52.158/31,mobile,hotstar,Drama|Musical,YES
30-6663873,7410-OIEDU,42-0598838,200.241.155.38/20,tv,hotstar,Action|Drama,YES
64-6310512,7549-MYGPK,31-7760450,0.221.165.245/30,tv,sony liv,Drama,NO
85-2537886,0056-EPFBG,15-1984936,116.243.118.108/28,tab,sony liv,Drama,NO
69-9114491,5032-USPKF,63-3072771,193.22.247.166/28,tab,hotstar,Animation|Children|Comedy,YES
92-0892976,6723-WSNTY,93-0187838,212.126.164.199/30,tv,hotstar,Drama,YES
27-9429989,1195-OIYEJ,96-2215323,49.121.215.182/26,mobile,hotstar,Drama|Horror|Thriller,YES
58-1033012,7964-YESJC,04-4499200,8.3.174.170/27,mobile,hotstar,Drama|Romance,YES
55-6633054,5995-SNNEW,09-7741790,103.150.219.6/16,tv,sony liv,Horror,NO
93-1557571,9904-EHEVJ,74-4091770,166.134.196.98/12,tab,hotstar,Comedy|Drama,YES
40-4266051,7876-AEHIG,43-4418600,0.39.130.104/11,tv,sony liv,Comedy|Horror|Mystery|Sci-Fi,NO
99-5487161,4933-BSAIP,60-2554144,192.65.215.59/25,tv,sony liv,Action|Drama,NO
07-2234061,2978-XXSOG,57-1358196,67.237.48.185/3,laptop,hotstar,Drama,YES
10-7450222,2585-KTFRE,19-3858522,169.236.114.211/25,tab,sony liv,Comedy|Drama,NO
67-9561902,4847-TAJYI,02-9475519,129.187.252.201/12,tv,hotstar,Action|Crime|Thriller,YES
75-7430155,6141-OOXUQ,45-4247912,117.125.240.93/20,tv,hotstar,Drama,YES
78-2936759,8189-DUKMV,95-8464322,94.204.85.218/1,tv,sony liv,Adventure|Animation|Sci-Fi,NO
61-4192872,7752-XUSCI,40-7406696,0.102.188.104/13,tv,sony liv,Action|Crime|Drama|Thriller,NO
23-4247218,4334-HOWRP,83-0989144,210.165.31.200/21,tv,sony liv,Comedy,NO
61-4525411,4445-KWOKW,61-0547593,32.248.95.39/11,tab,sony liv,Drama,NO
43-9656729,0541-FITGH,04-8621084,150.93.192.59/21,mobile,hotstar,Drama|Thriller,YES
04-7982179,8039-EQPIM,84-0921793,223.211.10.176/4,mobile,hotstar,Drama,YES
27-9970628,6474-FVJLC,65-5627320,232.83.158.253/18,tab,hotstar,Documentary,YES
31-2824893,3776-EKTKM,26-4684973,92.165.11.156/11,mobile,hotstar,Action|Thriller,YES
90-1344586,7036-ZZKBD,13-4210390,2.53.43.73/19,tv,hotstar,Comedy,YES
28-2296451,6696-YDAYZ,61-0791756,212.181.154.252/4,tv,hotstar,Comedy,YES
76-3410012,6040-CGACY,71-8494887,23.115.164.80/16,tv,sony liv,Drama,NO
87-7287787,3006-XIMLN,62-7574850,12.166.61.77/28,tab,hotstar,Horror|Sci-Fi,YES
93-7656021,7668-XCFYV,01-1623673,102.62.25.82/23,mobile,sony liv,Documentary,NO
24-2142857,6101-IMRMM,65-6790584,15.19.87.210/8,mobile,hotstar,Comedy|Romance,YES
93-9052836,7839-NUIAA,51-0646743,233.233.13.180/17,tv,sony liv,Action|Comedy|Sci-Fi|Thriller,NO
33-2937097,7302-ZHMHP,13-3700058,192.139.197.228/29,tab,hotstar,Comedy|Drama,YES
30-6412863,7661-CPURM,34-5668937,86.186.109.187/19,mobile,hotstar,Drama,YES
86-0043651,5583-EJXRD,35-5109450,104.174.29.7/7,tv,hotstar,Comedy|Drama|Fantasy,YES
25-9806441,7055-JCGNI,40-8312606,67.123.67.250/12,tv,hotstar,Drama,YES
26-5675784,8946-BFWSG,53-6678692,163.114.17.203/13,tv,sony liv,Comedy,NO
64-6790483,7636-PEPNS,51-8060570,174.98.207.129/27,tab,hotstar,Action,YES
13-6802953,7619-PLRLP,20-3694360,171.47.153.233/7,tv,hotstar,Drama|Horror|Mystery|Thriller,YES
86-0331600,2478-EEWWM,41-1956116,39.68.95.14/29,mobile,hotstar,Drama,YES
87-1328820,6305-YLBMM,05-2719409,203.70.67.174/25,tv,sony liv,Crime|Drama|Thriller,NO
95-0751367,4429-WYGFR,76-5354253,192.25.75.10/22,tv,hotstar,Action|Crime|Thriller,YES
23-9499356,6064-PUPMC,04-4324386,149.168.220.187/4,tab,sony liv,Crime|Drama,NO
02-9128332,1097-FSPVW,54-6072611,80.152.237.252/1,mobile,sony liv,Drama,NO
59-3433540,9058-CBREO,66-9047736,38.204.69.98/28,tv,sony liv,Comedy|Crime|Drama|Romance,NO
19-4985930,9239-ZBZZV,29-6771708,253.245.131.189/17,tv,hotstar,Action|Crime|Mystery|Thriller,YES
82-4990200,9084-OAYKL,57-4239084,128.181.171.43/28,tv,sony liv,Drama|Horror,NO
22-3111479,5299-SJCZT,42-2542084,26.113.6.66/19,mobile,sony liv,Comedy,NO
07-3553541,5231-FIQPA,10-4095786,115.146.76.110/13,tv,sony liv,Sci-Fi,NO
59-9531542,7670-ZBPOQ,11-8534031,157.241.149.140/30,tv,hotstar,Children|Comedy,YES
39-8426349,8749-JMNKX,44-4894892,138.143.147.133/13,tab,hotstar,Drama,YES
48-8093062,2067-QYTCF,17-2037823,131.193.206.117/7,mobile,hotstar,Action|Adventure|Fantasy|Thriller,YES
72-7326660,3129-AAQOU,84-5460506,209.158.211.195/12,tv,sony liv,Comedy,NO
60-3300325,1036-GUDCL,58-0757490,184.156.91.146/17,laptop,hotstar,Drama|Fantasy,YES
49-3451987,5375-XLDOF,61-2491451,160.35.236.138/30,tv,sony liv,Documentary,NO
99-8813039,3191-CSNMG,76-5489258,144.108.154.115/24,tv,hotstar,Comedy|Thriller,YES
87-9828834,3874-EQOEP,64-7711779,115.6.74.122/10,tv,hotstar,Comedy|Drama|Romance,YES
07-8587740,7517-SAWMO,17-6604165,104.214.135.46/5,tv,hotstar,Comedy|Musical,YES
22-2986310,2609-IAICY,12-7149844,231.123.122.110/6,tab,sony liv,Crime|Drama|Thriller|War,NO
77-1020400,2632-TACXW,25-1192481,70.227.126.81/22,tv,hotstar,Drama,YES
31-7266947,3334-CTHOL,14-0898797,172.208.30.141/5,tv,hotstar,Drama|Romance,YES
35-3961999,6513-EECDB,73-8866509,126.115.48.54/18,mobile,sony liv,Comedy|Fantasy|Romance,NO
19-9065628,4945-RVMTE,51-3989409,22.157.106.123/11,mobile,sony liv,Horror,NO
68-0965626,9589-ABEPT,26-7674358,136.176.5.88/2,tv,hotstar,Drama,YES
59-1761402,4248-HCETZ,20-0120555,115.237.200.228/30,tv,hotstar,Animation,YES
94-4778102,1862-SKORY,18-9695217,92.132.46.186/14,tv,hotstar,Documentary,YES
03-5025689,1135-LMECX,46-7258855,0.152.243.86/12,mobile,hotstar,Comedy,YES
62-3359264,7881-INRLC,68-1645004,12.225.109.37/3,mobile,hotstar,Adventure|Children|Fantasy|Sci-Fi,YES
52-4940253,7163-OCEQI,54-5167918,220.198.35.48/12,mobile,sony liv,Documentary,NO
71-8759187,7634-HLQJR,09-6792381,34.55.212.49/14,tab,hotstar,Drama|Romance,YES
90-4490311,4986-MXSFP,74-7123026,180.149.176.139/14,tab,sony liv,Animation,NO
38-4231745,8066-POXGX,94-7172936,121.63.138.1/9,tv,hotstar,Action|Adventure|Comedy|Drama,YES
18-7639059,5025-GOOKI,23-8526771,118.213.21.11/10,tv,hotstar,Comedy,YES
06-4770519,6425-JWTDV,76-2061260,5.104.93.64/1,tv,hotstar,Drama|Thriller,YES
23-8415521,8402-EIVQS,05-3206800,44.159.73.121/9,mobile,sony liv,Drama|Romance,NO
41-8745968,1325-USMEC,04-8400479,124.245.177.203/18,tv,hotstar,Comedy|Romance,YES
80-7665391,4049-ZPALD,87-4191255,181.180.153.173/2,mobile,sony liv,Animation|Children|Comedy,NO
30-5194945,6393-WRYZE,21-1831026,201.147.190.193/3,mobile,sony liv,Action,NO
91-3393093,1971-DTCZB,14-2432868,165.40.151.255/25,tv,sony liv,Drama,NO
32-7654457,1684-FLBGS,92-1216177,0.207.218.41/3,tab,hotstar,Crime|Drama|Thriller,YES
18-4198377,7508-SMHXL,54-4906742,72.228.234.176/25,tv,hotstar,Drama,YES
57-0566376,8429-XIBUM,76-3714254,157.245.154.100/24,tv,hotstar,Comedy|Musical,YES
39-6076002,6061-GWWAV,74-1428087,24.94.20.219/24,laptop,hotstar,Horror|Mystery|Sci-Fi|Thriller,YES
76-1696791,5680-LQOGP,52-3365450,237.65.17.8/8,mobile,hotstar,Comedy|Crime|Musical,YES
08-4958333,6050-IJRHS,49-3937736,22.50.108.88/5,mobile,hotstar,Drama,YES
88-5761975,0363-SVHYR,85-7898283,10.191.21.86/31,tv,hotstar,Adventure|Comedy,YES
09-2493964,6997-UVGOX,28-2726136,248.46.80.124/19,tv,sony liv,Drama,NO
98-6517501,5858-EAFCZ,03-0366923,26.81.168.180/13,tv,sony liv,Documentary,NO
99-4486635,3583-EKAPL,42-5555529,99.203.10.138/14,mobile,hotstar,Thriller,YES
59-9502178,7764-BDPEE,16-1063914,154.24.90.67/19,tv,hotstar,Action|Adventure|Children|Comedy|Fantasy,YES
04-8423212,1685-BQULA,14-8302729,244.69.60.175/7,tv,hotstar,Action|Fantasy|Sci-Fi|Thriller|War,YES
36-5448557,3329-WDIOK,38-0542630,13.188.191.81/19,tv,hotstar,Action|Comedy|Drama,YES
32-9505056,1240-HCBOH,76-7220846,164.19.131.28/26,tv,sony liv,Comedy|Drama|Horror,NO
19-7013306,2122-YWVYA,15-2346815,52.93.246.218/18,mobile,hotstar,Adventure|Fantasy|Romance,YES
03-4983489,2164-SOQXL,04-9209566,4.67.137.247/15,tab,hotstar,Sci-Fi|Thriller,YES
35-7407902,9306-CPCBC,86-8649940,122.190.161.42/30,tv,sony liv,Drama,NO
67-9550401,8975-SKGRX,64-7859203,248.52.174.7/25,tv,hotstar,Drama|Musical,YES
21-2369420,2894-QOJRX,20-2806568,37.177.12.74/18,mobile,hotstar,Drama|Romance,YES
05-3325946,8189-XRIKE,65-2487639,27.244.208.73/14,tv,hotstar,Drama|War,YES
83-6210271,0506-YLVKJ,06-4858928,178.191.174.45/17,tv,sony liv,Crime|Film-Noir|Thriller,NO
82-6361859,2007-QVGAW,87-6542582,32.146.245.184/11,tv,hotstar,Comedy,YES
36-4906237,0253-ZTEOB,75-4612139,225.67.0.102/14,mobile,hotstar,Action|Comedy|Sci-Fi,YES
89-7415861,4629-NRXKX,55-4063777,124.6.35.36/19,tab,sony liv,Drama|War,NO
56-4259992,8268-YDIXR,46-9851307,35.94.65.102/8,mobile,sony liv,Romance,NO
15-4326865,1569-TTNYJ,84-8009001,215.165.102.19/23,tv,hotstar,Comedy|Romance,YES
41-7838340,4090-KPJIP,04-0617089,26.240.222.38/2,tv,hotstar,Drama|Thriller,YES
57-8757552,5312-IRCFR,04-0860407,199.89.80.62/29,tv,sony liv,Drama|Mystery,NO
87-3047645,9224-VTYID,06-9715275,121.21.161.12/25,tv,sony liv,Comedy,NO
38-8610649,3796-ENZGF,18-5724625,173.47.118.103/23,tab,hotstar,Children|Comedy,YES
95-5842130,0098-BOWSO,01-0186945,210.78.197.82/31,tab,hotstar,Musical,YES
13-1078766,1732-VHUBQ,75-0240714,69.31.114.129/24,tv,hotstar,Crime|Drama|Romance,YES
79-3483139,5075-JSDKI,43-4906477,199.247.239.8/15,tv,sony liv,Crime|Drama,NO
28-9220886,0620-XEFWH,26-4426576,56.186.6.199/26,tv,hotstar,Comedy,YES
53-6102784,0164-APGRB,31-1693264,95.10.109.142/3,tv,hotstar,Children|Fantasy,YES
03-8761173,9987-LUTYD,43-8181581,182.30.2.205/24,tv,sony liv,Horror|Sci-Fi,NO
03-7177343,5067-XJQFU,59-0665271,215.83.125.110/28,tv,hotstar,Comedy,YES
86-0263440,6223-DHJGV,07-8209238,152.57.187.145/21,tv,hotstar,Drama,YES
33-3498949,0114-RSRRW,25-9743422,151.240.157.155/20,tv,hotstar,Drama|Romance,YES
16-4556648,2656-FMOKZ,06-2095278,128.214.21.89/26,tv,hotstar,Western,YES
24-0578782,6568-POCUI,62-0922780,125.137.86.62/6,tv,hotstar,Children|Comedy|Musical,YES
21-7054921,7445-WMRBW,45-6424902,187.113.95.103/17,tv,hotstar,Crime|Horror|Mystery|Thriller,YES
39-2716268,2209-XADXF,79-1011774,12.172.245.176/11,mobile,sony liv,Horror|Thriller,NO
96-5157744,2523-EWWZL,81-2150326,50.242.79.230/23,mobile,sony liv,Action|Adventure|Sci-Fi,NO
15-9765786,4903-UYAVB,17-8789305,254.12.83.221/14,tab,hotstar,Documentary,YES
23-8386889,2294-SALNE,47-1689288,200.71.238.89/25,laptop,hotstar,Drama,YES
44-2137190,2460-NGXBJ,47-2960512,236.223.162.205/3,mobile,hotstar,Animation|Comedy|Fantasy,YES
22-9198942,4238-JSSWH,34-6886670,78.37.16.73/12,mobile,hotstar,Action|Comedy|Thriller,YES
88-9982768,6352-GIGGQ,81-2216960,156.25.237.144/21,tv,sony liv,Comedy,NO
38-9193774,5524-KHNJP,54-7296396,240.105.142.60/29,tv,sony liv,Comedy,NO
76-0958317,9127-FHJBZ,39-7622105,206.194.157.163/2,mobile,sony liv,Drama,NO
15-8293577,1360-XFJMR,19-4630709,16.219.47.224/19,tab,sony liv,Thriller,NO
51-6052448,6147-CBCRA,49-2129206,42.88.110.123/17,laptop,sony liv,Comedy|Drama|Musical,NO
24-3853270,4565-EVZMJ,16-5762305,254.34.132.62/10,laptop,hotstar,Comedy|Drama,YES
00-2502793,0011-IGKFF,81-4151194,12.1.247.119/23,tv,hotstar,Drama,YES
93-6701325,7989-VCQOH,15-5062039,106.131.161.91/13,mobile,sony liv,(no genres listed),NO
75-0816125,0378-CJKPV,27-7652232,30.42.197.171/28,tv,sony liv,Comedy|Drama,NO
53-8061966,8999-BOHSE,53-6474128,90.79.247.89/30,mobile,sony liv,Crime|Drama|Thriller,NO
68-6655983,5533-NHFRF,71-6454549,15.27.141.230/24,mobile,sony liv,Documentary,NO
03-1773054,6627-CFOSN,52-9814753,179.206.58.46/10,mobile,sony liv,Drama,NO
70-8549251,1641-RQDAY,95-3062000,181.149.44.79/4,laptop,sony liv,Comedy|Western,NO
54-7658536,2143-LJULT,19-1068912,101.254.183.95/7,laptop,hotstar,Thriller|Western,YES
91-0470366,1142-IHLOO,39-1994663,12.75.246.7/9,tv,hotstar,Drama,YES
99-8604158,2931-VUVJN,64-9028740,155.229.73.113/9,tv,hotstar,Horror|Mystery|Thriller,YES
69-0296942,1116-FRYVH,80-7811403,242.141.64.228/23,tv,sony liv,Comedy,NO
17-7812266,8051-HJRLT,69-2273303,108.8.218.243/21,mobile,hotstar,Action|Horror|Sci-Fi,YES
23-4527144,9347-AERRL,17-6851418,74.109.192.74/2,tv,hotstar,Drama|Romance|War,YES
15-2881526,2037-SGXHH,03-4712618,28.250.162.154/15,tv,sony liv,Comedy,NO
52-2186935,8748-HFWBO,72-4027056,23.110.226.15/9,tv,hotstar,Documentary,YES
22-4194755,7576-OYWBN,25-0046378,58.82.76.251/12,tv,sony liv,Children|Drama,NO
16-3120719,2675-DHUTR,66-7913049,225.73.59.226/10,laptop,hotstar,Comedy,YES
08-2025095,6844-DZKRF,53-4202133,53.94.39.117/26,tv,hotstar,Comedy,YES
78-9433858,0867-LDTTC,05-6877480,182.245.160.65/30,tv,hotstar,Comedy,YES
26-0336583,0019-EFAEP,23-4306468,28.248.70.157/20,tv,sony liv,Documentary,NO
18-5800552,6689-VRRTK,75-7825078,190.63.216.138/7,tv,sony liv,Comedy,NO
09-7254395,2332-EFBJY,82-8422964,18.86.165.182/20,tv,sony liv,Action|Crime|Drama|Thriller,NO
09-9365641,5311-IHLEI,23-3663943,240.29.237.97/21,mobile,hotstar,Comedy,YES
88-0009902,2990-HWIML,40-9320198,57.4.60.1/26,tab,hotstar,Adventure|Fantasy|Romance|Sci-Fi|Thriller,YES
93-3369680,7134-HBPBS,51-7585301,161.244.201.196/1,tab,sony liv,Comedy|Drama,NO
43-9087667,6510-UPNKS,48-5858060,211.217.48.43/5,tv,hotstar,Comedy,YES
85-5206897,9565-JSNFM,81-6272977,129.35.129.117/7,tv,hotstar,Adventure|Comedy|Musical,YES
94-6460725,3946-JEWRQ,18-4641249,150.228.200.98/17,tv,sony liv,Action,NO
96-5100004,8540-ZQGEA,13-8909923,115.123.147.31/1,tab,sony liv,Drama,NO
66-5819938,7718-RXDGG,23-7034961,128.194.107.65/2,mobile,sony liv,Drama,NO
28-8719683,5609-CEBID,18-6769412,42.33.196.37/26,laptop,sony liv,Horror,NO
87-3014539,7916-VCCPB,16-1506502,244.183.213.169/20,tv,sony liv,Adventure|Animation|Children|Comedy|Fantasy,NO
50-0511486,6457-GIRWB,23-6182718,120.134.52.201/29,mobile,hotstar,Drama,YES
42-9118245,6366-ZGQGL,13-5632656,189.110.238.161/18,tv,sony liv,Comedy|Romance,NO
74-2736736,5310-NOOVA,82-4304664,189.197.38.241/20,laptop,sony liv,Action|Horror|Sci-Fi,NO
52-0466048,0727-BNRLG,61-2211985,88.32.120.226/7,tv,sony liv,Comedy|Drama,NO
74-4739955,6172-FECYY,52-1518552,43.125.23.191/9,tv,sony liv,Adventure|Drama,NO
98-3642209,5944-UGLLK,00-9111877,138.149.212.87/8,tv,hotstar,Comedy,YES
16-6034675,1015-JPFYW,32-2628441,172.166.24.148/14,mobile,sony liv,Romance,NO
25-7984213,3982-XWFZQ,44-6668313,63.209.136.230/28,mobile,hotstar,Drama,YES
32-8804618,4316-XCSLJ,50-9786473,192.191.232.5/27,tv,hotstar,Action,YES
88-2959536,9050-IKDZA,48-0782882,137.75.78.11/2,mobile,hotstar,Drama|Thriller,YES
76-5912755,6728-DKUCO,31-3410514,114.50.96.95/17,tv,sony liv,Drama,NO
94-1785779,0536-BGFMZ,69-4254428,147.117.101.233/22,mobile,sony liv,Documentary,NO
05-1293562,8992-JQYUN,23-1679898,114.27.97.133/4,tv,sony liv,Comedy|Romance|Sci-Fi,NO
43-5859012,3540-RZJYU,78-1070784,219.221.86.25/15,tab,sony liv,Comedy|Drama|Romance,NO
69-9273713,5481-NTDOH,95-9433557,21.255.142.2/5,tv,sony liv,Drama,NO
01-8500183,0897-FEGMU,28-0281290,55.157.144.22/12,tv,sony liv,Action|Comedy|Crime,NO
60-5649450,2530-FMFXO,89-7037850,62.16.182.223/2,tv,hotstar,Documentary,YES
20-6125459,8467-WYNSR,47-8553527,230.176.253.166/16,tv,hotstar,Drama|Romance,YES
89-1641234,4976-LNFVV,73-7396915,221.249.245.226/28,mobile,sony liv,Comedy|Romance,NO
31-4110895,1051-EQPZR,47-6526334,150.167.190.55/10,tab,sony liv,Comedy|Musical|Romance,NO
07-5406577,4307-KWMXE,51-4506816,144.255.31.176/5,mobile,sony liv,Horror,NO
07-5396815,1769-GRUIK,99-7496253,213.223.51.244/13,tv,sony liv,Comedy,NO
80-9245798,4774-HHGGS,18-2616297,8.216.224.43/29,tv,hotstar,Drama|Thriller,YES
34-9294179,4501-VCPFK,93-0360632,116.112.168.19/25,tab,sony liv,Animation|Comedy|Sci-Fi,NO
06-7372619,5089-IFSDP,46-3922524,91.152.189.13/10,laptop,hotstar,Comedy|Drama,YES
61-4233749,9526-BIHHD,67-4764462,124.185.41.198/16,mobile,hotstar,Horror|Thriller,YES
39-4627310,5174-RNGBH,25-7319279,169.192.21.205/12,tv,sony liv,Film-Noir|Mystery|Romance|Thriller,NO
72-3717373,3696-XRIEN,12-3047446,54.62.207.146/15,tv,sony liv,Children|Drama,NO
67-6399213,6174-NRBTZ,68-1891854,178.243.245.242/29,mobile,hotstar,Crime|Drama|Thriller,YES
23-1685719,8660-BUETV,07-6877362,156.0.154.117/12,tv,hotstar,Drama,YES
71-6547820,1596-OQSPS,32-9177645,97.132.74.42/15,mobile,hotstar,Horror,YES
71-2835293,7147-AYBAA,64-6383491,219.113.210.3/21,mobile,hotstar,Horror,YES
43-9672100,0156-FVPTA,74-3908653,63.35.189.58/8,mobile,hotstar,Comedy,YES
49-8814495,3873-WOSBC,22-3379221,249.214.0.208/22,tab,hotstar,Drama|Sci-Fi,YES
58-1387985,8048-DSDFQ,56-1739583,201.213.219.180/21,tv,hotstar,Comedy|Drama|Romance,YES
49-0213545,5939-XAIXZ,13-9308000,229.38.230.205/17,tv,hotstar,Drama,YES
46-7476491,0709-TVGUR,11-9390601,111.186.74.182/20,tab,sony liv,Comedy|Western,NO
49-9430666,4686-GEFRM,07-2129529,125.2.216.251/23,mobile,sony liv,Children|Drama,NO
94-9444999,1845-ZLLIG,39-7294398,15.177.245.220/9,mobile,hotstar,Drama,YES
99-3529065,8350-NYMVI,71-1541850,74.108.160.4/27,tv,sony liv,Comedy,NO
22-5090956,5028-GZLDO,24-4478656,250.45.72.8/5,tv,hotstar,Comedy,YES
43-5103041,1125-SNVCK,16-5924689,45.242.243.50/24,tv,sony liv,Comedy,NO
69-5842091,7319-VENRZ,69-4215577,202.123.250.244/22,tv,hotstar,Drama,YES
38-6183616,3165-HDOEW,55-5391711,6.246.29.254/24,tv,hotstar,Adventure|Drama,YES
80-6074098,1095-WGNGG,04-6340202,117.98.68.97/31,tab,sony liv,Action|Crime|Drama|Thriller,NO
98-6382911,6959-UWKHF,95-3965075,174.169.81.124/27,tv,hotstar,Drama|Horror|Thriller,YES
18-4935766,0093-EXYQL,25-6519652,245.6.181.26/5,mobile,sony liv,Documentary,NO
91-5944381,3612-YVGSJ,21-4329519,178.175.76.54/3,laptop,hotstar,Comedy|Drama,YES
58-8846802,8565-CLBZW,98-4198582,241.62.56.164/12,tv,hotstar,Action,YES
96-8330948,8967-SZQAS,78-5060022,29.236.43.68/5,tv,sony liv,Drama|War,NO
79-0173910,7789-CRUVC,24-4761677,129.225.22.254/10,tab,sony liv,Comedy,NO
